00 01 04.59|-48.810|5.71
00 01 20.12|-50.337|5.53
00 01 35.82|-77.066|4.78
00 01 37.02|+61.223|5.58
00 01 49.45|-3.028|5.13
00 01 57.62|-6.014|4.37
00 02 10.10|+27.082|5.80
00 02 19.92|-29.720|5.04
00 02 29.70|+8.485|5.70
00 02 36.09|+66.099|5.87
00 03 44.39|-17.336|4.55
00 04 13.66|+62.288|5.90
00 04 19.79|-16.529|5.78
00 04 30.12|-10.510|4.99
00 04 41.27|-71.437|5.59
00 04 41.89|+67.166|5.68
00 05 06.14|+61.314|5.80
00 05 20.14|-5.708|4.61
00 05 41.96|+13.396|5.55
00 06 15.68|+58.437|5.98
00 06 19.00|-49.075|5.70
00 06 26.53|+64.196|5.57
00 07 46.89|-22.509|5.93
00 08 03.49|-33.529|5.67
00 08 17.53|-8.824|5.99
00 08 23.25|+29.090|2.07
00 09 02.42|+18.212|5.57
00 09 10.39|+59.150|2.28
00 09 21.06|-27.988|5.42
00 09 24.61|-45.747|3.88
00 10 02.20|+11.146|5.54
00 10 02.25|-82.224|5.29
00 10 18.87|-5.249|5.84
00 10 19.24|+46.072|5.01
00 10 42.83|-12.580|5.84
00 11 15.86|-15.468|4.89
00 11 34.42|-27.800|5.41
00 11 43.99|-35.133|5.24
00 12 09.98|-17.938|5.29
00 13 14.15|+15.184|2.83
00 13 19.56|-84.994|5.78
00 13 30.86|+41.035|5.71
00 13 42.24|-26.022|5.94
00 14 27.63|-7.781|5.13
00 14 36.16|+20.207|4.79
00 14 38.42|-18.933|4.44
00 14 54.51|-9.570|5.77
00 16 08.85|-31.446|5.66
00 16 57.05|+61.533|5.74
00 17 05.51|+38.682|4.61
00 17 09.04|+47.947|5.86
00 18 19.67|+36.785|4.51
00 18 38.25|+31.517|5.88
00 19 25.68|-8.824|3.56
00 20 02.91|-64.875|4.23
00 20 24.40|+30.936|5.89
00 20 35.86|+8.190|5.38
00 20 39.04|-69.625|5.50
00 20 45.52|+32.911|5.79
00 21 07.26|+37.969|5.16
00 21 28.75|-77.427|5.96
00 21 31.19|-28.981|5.18
00 21 46.27|-20.058|5.61
00 24 15.65|+52.020|5.58
00 24 47.49|+61.831|5.38
00 25 06.40|+53.047|5.72
00 25 24.21|+1.940|5.77
00 25 40.50|-77.254|2.82
00 26 12.18|-43.680|3.93
00 26 17.00|-42.306|2.40
00 27 14.71|-25.547|5.99
00 27 55.70|-33.007|4.86
00 28 02.91|+17.893|5.01
00 28 13.63|+44.394|5.18
00 28 26.50|-39.915|5.42
00 30 02.36|-3.957|5.72
00 30 07.36|+29.752|5.20
00 30 19.92|+59.978|5.94
00 30 22.65|-23.788|5.17
00 30 26.07|-48.215|5.67
00 31 24.94|-48.804|4.76
00 31 25.63|+33.582|5.88
00 31 32.61|-62.958|4.36
00 31 33.41|-62.966|4.53
00 31 41.18|+52.840|5.59
00 31 46.34|+54.522|4.74
00 32 23.78|+6.955|5.69
00 32 35.48|+20.294|5.38
00 32 43.84|-63.032|5.07
00 32 44.32|-63.031|6.00
00 32 59.99|+62.932|4.17
00 33 10.36|+54.895|5.93
00 33 41.04|-29.558|5.55
00 34 27.75|-52.373|5.57
00 35 14.88|-3.593|5.20
00 35 32.83|-0.506|5.94
00 35 41.16|-48.001|5.51
00 36 08.30|+54.168|5.08
00 36 27.34|+60.326|5.78
00 36 46.45|+44.489|5.14
00 36 47.31|+15.232|5.89
00 36 52.85|+33.719|4.34
00 36 58.28|+53.897|3.69
00 37 20.61|-24.767|5.57
00 37 21.22|+35.400|5.45
00 38 33.37|+29.312|4.34
00 39 09.89|+49.355|5.45
00 39 19.66|+30.861|3.27
00 39 21.83|+21.250|5.88
00 39 51.94|-44.796|6.00
00 39 55.57|+21.438|5.36
00 40 25.17|-59.455|5.89
00 40 30.42|+56.537|2.24
00 40 42.37|-4.352|5.90
00 41 07.19|+39.459|5.30
00 41 19.56|-46.085|4.59
00 41 46.36|-56.501|5.72
00 42 03.43|+66.148|5.83
00 42 03.89|+50.513|4.80
00 42 28.33|-65.468|5.38
00 42 41.79|-60.263|5.99
00 43 21.24|-57.463|4.36
00 43 28.08|+47.025|4.95
00 43 35.36|-17.987|2.04
00 44 11.40|-10.610|4.77
00 44 12.06|-38.422|5.90
00 44 26.20|+47.864|5.66
00 44 43.51|+48.284|4.48
00 44 44.40|-22.006|5.22
00 44 57.07|-42.677|5.94
00 45 17.19|+55.221|5.41
00 45 39.10|+74.988|5.64
00 45 45.54|-47.552|5.80
00 46 11.74|-22.522|5.49
00 46 32.96|+15.476|5.36
00 47 01.46|+11.974|5.51
00 47 20.33|+24.267|4.08
00 47 23.63|+6.741|5.98
00 47 43.22|-18.061|5.70
00 47 46.03|+74.848|5.42
00 48 01.07|-21.722|5.57
00 48 08.95|+72.674|5.86
00 48 17.41|+7.300|5.92
00 48 22.98|+5.281|5.74
00 48 35.20|-74.923|5.09
00 48 40.94|+7.585|4.44
00 48 50.01|+50.968|4.90
00 48 58.71|+16.941|5.07
00 49 05.74|+57.815|3.46
00 49 13.94|-24.137|5.90
00 49 25.62|-13.561|5.59
00 49 48.84|+41.079|4.53
00 49 53.16|+27.710|5.55
00 50 07.59|-10.644|5.17
00 50 41.16|-50.987|5.24
00 50 43.59|+64.248|5.35
00 52 40.62|-24.006|5.47
00 53 00.50|-1.144|4.78
00 53 04.24|+61.124|4.80
00 53 37.82|-62.871|5.73
00 54 35.23|+19.188|5.80
00 54 52.80|+83.707|5.59
00 54 58.10|+23.628|5.46
00 55 00.17|+58.973|4.83
00 55 00.30|-69.527|5.45
00 55 42.40|-7.347|5.88
00 56 01.49|-11.267|5.35
00 56 39.96|+59.181|4.62
00 56 42.51|+60.717|2.15
00 56 45.19|+38.499|3.86
00 56 46.96|+60.363|5.56
00 57 12.40|+23.418|4.40
00 57 50.15|+28.992|5.44
00 58 14.21|+33.951|5.99
00 58 31.03|+66.352|5.97
00 58 36.36|-29.357|4.30
00 58 43.87|-11.380|5.62
01 00 03.56|+44.713|5.69
01 01 18.26|-38.917|5.59
01 02 26.43|-31.552|5.50
01 02 49.10|+31.804|5.50
01 02 49.19|-46.397|5.39
01 02 54.27|+41.345|5.95
01 02 56.61|+7.890|4.27
01 03 02.54|-4.837|5.40
01 03 37.01|+61.075|5.92
01 04 02.39|+52.502|5.99
01 04 19.50|+61.580|5.83
01 05 05.36|+14.946|5.64
01 05 40.95|+21.473|5.33
01 05 41.71|+21.465|5.55
01 06 05.07|-46.718|3.32
01 06 05.15|-9.839|5.58
01 07 18.62|-61.775|5.36
01 07 46.21|-9.786|5.71
01 07 47.85|-41.487|5.21
01 07 57.16|+20.739|5.56
01 08 00.81|+43.942|5.04
01 08 14.92|+54.920|5.17
01 08 22.20|+5.650|5.51
01 08 23.07|-55.246|3.94
01 08 33.46|+58.263|5.77
01 08 35.39|-10.182|3.46
01 08 44.21|+86.257|4.24
01 09 30.12|+47.242|4.26
01 09 43.90|+35.621|2.07
01 09 49.20|+19.658|5.57
01 10 18.77|+42.081|5.67
01 10 19.45|+25.458|5.81
01 10 33.55|+2.446|5.97
01 10 39.28|+68.779|5.32
01 11 06.06|+55.150|4.34
01 11 06.77|+31.425|5.15
01 11 10.28|+37.724|5.80
01 11 25.54|+64.203|5.56
01 11 27.22|+21.035|4.66
01 11 39.63|+30.090|4.51
01 11 41.38|+65.019|5.57
01 11 43.51|-2.251|5.93
01 12 16.56|+79.674|5.60
01 12 45.42|-37.856|5.95
01 13 43.89|+7.575|5.21
01 13 44.95|+24.584|4.67
01 14 07.63|+16.133|5.97
01 14 24.04|-7.923|5.14
01 14 49.17|-0.974|5.70
01 15 10.95|-45.532|4.97
01 15 45.73|-68.876|4.25
01 16 11.90|+71.744|5.87
01 16 36.29|-2.500|5.42
01 17 47.95|+3.614|5.13
01 19 27.99|+27.264|4.74
01 19 48.30|-0.509|5.87
01 20 04.92|+58.232|4.95
01 21 07.37|+28.738|5.23
01 22 20.41|+45.529|4.87
01 23 24.95|+20.469|5.97
01 23 30.96|-30.946|5.84
01 23 40.60|+37.715|5.60
01 24 01.40|-8.183|3.60
01 24 20.50|-6.915|5.92
01 24 40.78|-41.493|5.42
01 25 05.29|-64.369|5.92
01 25 37.23|-14.599|4.90
01 25 48.78|+60.235|2.66
01 25 55.95|+68.130|4.72
01 26 15.26|+19.172|5.35
01 26 18.66|+43.458|5.98
01 26 41.68|+19.240|5.50
01 26 51.57|-13.057|5.51
01 27 39.29|+45.407|4.83
01 28 21.93|-43.318|3.41
01 29 36.13|-21.629|5.11
01 30 06.10|+47.007|5.27
01 30 11.11|+6.144|4.84
01 30 22.90|-26.208|5.92
01 31 13.60|+70.265|5.82
01 31 15.06|-49.073|3.93
01 31 29.01|+15.346|3.62
01 31 43.25|-30.283|5.79
01 32 56.05|-36.865|5.49
01 33 25.71|+58.327|5.69
01 33 42.84|-7.025|5.75
01 33 55.90|+59.232|4.68
01 34 16.60|+37.237|5.90
01 34 37.78|-15.676|5.62
01 34 49.07|+18.461|5.90
01 35 54.75|+17.434|5.95
01 35 58.97|-15.400|5.41
01 36 08.50|-29.907|5.69
01 36 47.88|+41.405|4.10
01 37 05.92|+12.142|5.54
01 37 27.80|-84.770|5.66
01 37 42.80|-57.237|0.45
01 37 55.05|-82.975|5.88
01 37 59.54|+48.628|3.59
01 38 07.57|+57.978|5.55
01 38 27.48|-36.528|5.94
01 38 30.93|+73.040|5.28
01 38 51.78|-21.275|5.58
01 39 21.01|+44.386|5.01
01 39 40.82|+16.406|5.98
01 39 46.81|-56.195|5.80
01 39 47.41|-56.196|5.76
01 40 34.81|+40.577|4.96
01 40 39.63|+43.298|5.63
01 41 25.89|+5.488|4.45
01 41 39.24|+30.047|5.97
01 41 44.83|-11.325|5.75
01 41 46.98|+42.613|4.96
01 41 47.96|-60.789|5.70
01 42 03.00|-36.832|5.70
01 42 03.48|+35.246|5.63
01 42 08.60|-32.327|5.25
01 42 20.48|+68.043|5.57
01 42 29.25|-53.741|5.52
01 42 29.77|+20.269|5.24
01 42 43.51|-3.690|4.98
01 42 55.77|+70.623|5.18
01 43 19.74|+60.551|5.78
01 43 39.63|+50.689|4.01
01 44 04.12|-15.937|3.49
01 45 23.63|+9.158|4.26
01 45 38.75|-25.053|5.29
01 45 59.26|-5.733|5.37
01 46 05.95|-50.816|5.49
01 46 06.21|-53.522|5.04
01 47 44.40|+63.853|5.63
01 48 10.94|+16.956|5.86
01 48 26.02|+3.685|5.91
01 48 38.91|+37.953|5.94
01 48 41.58|+32.690|5.78
01 49 35.10|-10.686|4.66
01 50 08.57|+22.275|5.83
01 50 51.97|+11.043|5.92
01 50 54.45|-50.206|5.94
01 50 57.11|+51.933|5.96
01 51 27.63|-10.335|3.74
01 51 59.31|+55.147|5.53
01 52 09.36|+50.793|5.70
01 52 52.11|-16.929|5.78
01 53 04.91|+29.579|3.42
01 53 17.35|+40.730|5.42
01 53 31.81|+19.294|3.88
01 53 33.35|+3.188|4.61
01 53 38.77|-46.303|4.39
01 54 22.04|-42.497|5.12
01 54 23.70|+63.670|3.35
01 54 38.40|+20.808|2.64
01 54 56.06|-67.647|4.68
01 55 51.04|+23.577|5.76
01 55 54.48|+37.278|5.89
01 55 57.23|-51.609|3.69
01 56 00.01|+68.685|4.97
01 56 09.34|+37.252|5.69
01 56 40.20|-22.527|4.92
01 57 10.05|-47.385|4.82
01 57 21.05|+17.818|5.09
01 57 43.74|+27.804|5.84
01 57 55.72|+23.596|4.79
01 58 33.50|+49.204|5.70
01 58 46.02|-61.570|2.86
01 59 35.68|+21.059|5.89
01 59 38.01|+64.622|5.29
01 59 38.82|-42.031|5.57
01 59 46.20|-20.825|5.43
02 00 00.30|-21.078|3.99
02 00 09.16|+3.097|5.89
02 00 26.82|-8.524|5.43
02 01 14.73|-30.002|5.34
02 01 42.38|-44.714|5.15
02 01 57.52|+70.907|4.49
02 02 02.82|+2.764|3.82
02 02 18.09|+54.488|4.99
02 02 35.08|+13.477|5.97
02 02 52.49|+64.901|6.00
02 02 57.96|+33.284|5.50
02 02 58.57|-15.306|5.87
02 03 00.19|+64.390|5.59
02 03 11.65|+0.129|5.42
02 03 26.16|+72.421|3.95
02 03 39.34|+25.935|5.64
02 03 40.49|-4.104|5.61
02 03 48.17|-0.340|5.96
02 03 53.94|+42.330|2.10
02 04 29.44|-29.297|4.68
02 05 07.13|+77.281|5.27
02 05 31.57|+76.115|5.22
02 06 33.92|+22.648|5.03
02 07 10.40|+23.462|2.01
02 08 29.23|+37.859|4.78
02 08 40.58|+58.424|5.66
02 09 09.30|-43.517|5.84
02 09 25.33|+25.940|4.98
02 09 32.61|+34.987|3.00
02 10 37.59|+19.500|5.68
02 11 21.08|+8.570|5.64
02 11 22.23|-10.052|6.00
02 11 35.83|-1.825|5.94
02 12 22.29|+30.303|4.94
02 12 37.54|+24.168|5.96
02 12 47.54|-2.394|5.65
02 12 48.08|+21.211|5.23
02 12 54.47|-30.724|5.27
02 12 59.99|+8.847|4.36
02 13 00.98|-21.000|5.86
02 13 03.30|+15.280|5.72
02 13 13.33|+44.232|4.84
02 13 36.22|+51.066|5.31
02 14 14.52|-67.841|5.57
02 14 31.95|-41.167|5.91
02 15 28.58|-67.746|5.67
02 15 42.78|+25.043|5.57
02 15 46.04|+25.783|5.79
02 15 56.29|+33.359|5.25
02 16 30.55|-51.512|3.56
02 16 59.04|-6.422|5.51
02 17 03.09|+34.224|4.84
02 17 18.86|+33.847|4.03
02 17 59.86|+57.900|5.75
02 18 01.44|+1.758|5.60
02 18 04.59|+57.516|5.99
02 18 07.54|+19.901|5.58
02 18 56.99|+28.643|5.29
02 19 16.81|+47.380|5.31
02 19 54.26|-55.945|5.81
02 20 58.20|+50.151|5.57
02 21 44.99|-68.659|4.08
02 21 56.63|+0.396|5.29
02 22 01.53|-10.778|5.43
02 22 04.98|-17.662|5.89
02 22 12.40|-0.885|5.42
02 22 21.44|+55.846|5.16
02 22 32.53|-23.816|5.19
02 22 50.32|+41.396|5.81
02 22 52.43|-73.646|5.99
02 22 54.67|-51.092|5.90
02 24 24.91|+50.007|5.19
02 24 49.06|+10.611|5.48
02 24 53.95|-60.312|5.36
02 25 37.42|+50.279|4.73
02 25 57.00|-12.290|4.88
02 26 00.35|-15.341|5.88
02 26 35.21|-20.043|5.89
02 26 59.12|-47.704|4.24
02 27 27.77|+31.801|5.55
02 28 01.70|-33.811|5.13
02 28 09.54|+8.460|4.30
02 28 09.98|+29.669|5.29
02 28 48.50|+29.932|5.89
02 29 03.97|+67.402|4.46
02 30 32.35|+25.235|5.88
02 30 45.20|+0.256|6.00
02 31 30.10|+2.267|5.27
02 31 40.20|-79.109|5.27
02 31 47.10|+89.264|1.97
02 32 05.23|-15.245|4.74
02 32 06.16|+36.147|5.15
02 32 09.42|-1.035|5.36
02 32 52.63|+34.542|5.84
02 32 54.14|+15.035|6.00
02 33 07.03|-34.650|5.91
02 33 50.71|-28.232|4.96
02 34 42.63|-7.859|5.74
02 35 38.74|+37.312|5.72
02 35 46.81|+34.688|5.38
02 35 52.47|+5.593|4.87
02 36 00.05|-7.832|5.53
02 36 04.89|+6.887|5.79
02 36 09.27|-30.045|5.74
02 36 35.07|+7.730|5.81
02 36 37.91|+12.448|5.64
02 36 57.16|+38.734|5.91
02 36 58.61|-34.578|5.78
02 37 24.33|-52.543|5.30
02 37 36.03|+65.745|5.80
02 37 41.80|-3.396|5.65
02 38 02.07|+72.818|5.17
02 38 18.65|-30.194|5.84
02 38 48.99|+21.961|5.45
02 39 28.96|+0.329|4.08
02 39 33.83|-11.872|4.83
02 39 34.07|-11.871|5.60
02 39 35.28|-68.267|4.12
02 39 47.97|-42.892|4.74
02 40 12.42|-9.453|5.79
02 40 39.60|-54.550|5.21
02 40 40.01|-39.855|4.11
02 40 41.07|+27.061|5.30
02 41 14.00|-0.696|5.72
02 41 34.13|-14.549|5.98
02 42 06.60|-38.384|5.99
02 42 14.92|+40.194|4.91
02 42 21.94|+20.011|5.74
02 42 33.35|-50.800|5.40
02 42 59.50|+53.526|5.85
02 43 02.82|+55.106|5.76
02 43 18.04|+3.236|3.47
02 43 27.11|+27.707|4.65
02 44 05.16|+44.297|5.43
02 44 07.35|-13.859|4.24
02 44 11.88|+49.228|4.10
02 44 32.97|+15.312|5.78
02 44 49.68|+67.825|5.95
02 44 56.54|+10.114|4.27
02 44 57.58|+12.446|5.17
02 45 06.17|-18.573|4.47
02 45 27.46|-63.705|5.73
02 45 32.57|-67.617|4.83
02 47 47.64|+81.448|5.80
02 47 54.53|+29.247|4.52
02 48 32.09|+18.284|5.83
02 48 45.90|+25.188|5.89
02 49 01.42|-62.807|5.25
02 49 05.41|-32.406|4.45
02 49 17.56|+17.464|5.26
02 49 54.18|-27.942|5.39
02 49 59.03|+27.261|3.61
02 50 14.78|-35.844|5.92
02 50 28.52|-75.067|4.76
02 50 35.03|+38.319|4.22
02 50 40.41|-35.676|5.48
02 50 41.80|+55.895|3.77
02 51 02.32|-21.004|4.76
02 51 29.58|+15.082|5.52
02 51 30.84|+35.060|4.56
02 51 41.74|+46.842|5.86
02 51 58.75|+68.888|5.94
02 53 34.39|-38.437|5.93
02 53 35.32|-22.376|5.93
02 53 42.60|+38.337|5.34
02 54 15.46|+52.762|3.93
02 55 48.50|+18.332|5.76
02 55 56.83|+61.521|5.59
02 56 13.77|+8.382|5.97
02 56 25.65|-8.898|3.89
02 56 26.15|+18.023|5.58
02 56 37.42|-3.712|5.16
02 57 17.28|+31.934|5.10
02 57 23.76|-23.862|5.44
02 58 05.21|+20.669|5.80
02 58 05.73|-23.606|5.82
02 58 15.68|-40.305|2.88
02 58 42.08|-2.783|5.22
02 58 45.67|+39.663|4.68
02 58 47.78|-64.071|4.98
02 59 03.68|+35.183|4.94
02 59 12.72|+21.340|4.63
02 59 36.17|-25.274|5.69
02 59 39.88|+41.033|5.89
02 59 41.16|-2.465|5.56
02 59 42.90|+8.907|4.71
02 59 49.79|+47.221|5.47
03 00 44.14|+10.870|5.93
03 00 52.20|+52.352|5.24
03 01 10.02|-7.663|5.75
03 01 37.61|-28.092|5.88
03 01 54.14|+26.462|5.91
03 01 56.12|-9.961|5.84
03 02 15.41|-71.902|5.51
03 02 16.77|+4.090|2.54
03 02 22.52|+4.353|5.62
03 02 23.51|-23.624|4.08
03 02 42.27|-7.685|5.32
03 02 55.86|-46.975|5.81
03 03 36.86|-59.738|5.12
03 04 16.51|-7.601|5.26
03 04 47.79|+53.506|2.91
03 05 10.57|+38.840|3.32
03 05 26.69|+25.255|5.45
03 05 32.42|+56.706|4.77
03 06 07.93|+79.419|5.49
03 06 23.68|+13.187|5.64
03 06 33.49|-6.089|5.23
03 07 19.01|+64.058|5.89
03 07 31.95|-78.989|5.67
03 08 10.13|+40.956|2.09
03 09 03.62|+49.613|4.05
03 09 29.73|+44.858|3.79
03 09 36.74|+29.077|5.74
03 10 38.79|+11.873|5.97
03 11 17.39|+39.612|4.61
03 11 37.76|+19.727|4.35
03 11 42.82|+81.471|5.92
03 11 56.25|+74.394|4.85
03 12 04.50|-28.988|3.80
03 12 14.25|+27.257|5.78
03 12 25.73|-44.420|5.92
03 12 26.37|+6.661|5.55
03 12 33.15|-57.322|5.71
03 12 46.44|-1.196|5.07
03 13 23.87|+48.177|5.93
03 14 54.10|+21.044|4.87
03 15 20.44|+30.557|5.61
03 15 47.97|+57.141|5.79
03 15 50.03|-8.820|4.80
03 15 57.42|-77.388|5.51
03 16 12.21|+50.938|5.04
03 16 35.19|+32.184|5.98
03 17 26.60|-47.752|5.84
03 17 45.25|-62.575|5.53
03 17 45.75|+39.283|5.97
03 17 47.35|+44.025|5.49
03 18 02.58|-28.797|5.93
03 18 11.91|-62.506|5.24
03 18 22.10|-22.511|4.86
03 18 22.42|-0.930|5.62
03 18 37.74|+50.222|5.16
03 18 41.14|-18.560|5.72
03 18 43.83|+34.223|4.85
03 19 07.63|+50.095|5.05
03 19 21.69|+3.370|4.84
03 19 31.00|-21.758|3.70
03 19 34.91|-24.123|5.63
03 19 55.00|-43.070|4.26
03 19 55.80|+27.071|5.91
03 19 59.26|+65.652|4.74
03 20 19.62|+77.735|5.44
03 20 20.36|+29.048|4.47
03 21 06.80|+3.676|5.70
03 21 13.62|+21.147|5.27
03 21 24.01|-23.635|5.50
03 21 26.57|+43.330|4.96
03 21 52.48|+49.071|5.94
03 22 11.89|+27.608|5.55
03 22 45.24|+20.742|5.10
03 23 13.19|+49.213|5.32
03 24 18.48|+24.724|5.50
03 24 19.36|+49.861|1.79
03 24 29.70|+33.536|5.78
03 24 40.56|+64.586|5.13
03 24 48.79|+9.029|3.61
03 25 36.25|-69.336|5.96
03 26 22.52|-27.317|5.93
03 27 10.15|+9.733|3.73
03 27 33.41|-35.681|5.71
03 28 00.95|-11.287|5.74
03 28 03.06|+49.063|4.99
03 28 20.70|+33.808|5.72
03 28 52.32|+49.848|5.58
03 29 04.14|+59.940|4.21
03 29 22.04|+49.509|4.67
03 29 22.41|-62.938|4.71
03 29 36.03|-12.675|5.57
03 29 54.74|+58.879|4.55
03 29 55.16|-42.634|5.76
03 29 58.92|-78.352|5.68
03 30 00.21|+55.452|5.09
03 30 24.47|+11.336|5.14
03 30 34.48|+47.995|4.36
03 30 36.94|-47.375|5.98
03 30 36.94|+48.104|5.82
03 30 37.06|-5.075|4.74
03 30 45.42|+6.189|5.93
03 30 51.69|-66.490|5.81
03 30 52.38|+12.937|4.14
03 32 08.60|+48.023|5.47
03 32 19.75|+84.911|5.62
03 32 26.27|+46.057|5.30
03 32 34.77|-50.379|5.67
03 32 35.95|+9.373|5.76
03 32 40.02|+35.462|5.91
03 32 55.85|-9.458|3.72
03 33 35.03|+39.899|5.79
03 33 39.08|+54.975|5.98
03 33 47.28|-21.633|4.26
03 34 26.62|+24.464|5.95
03 35 57.67|-11.194|5.56
03 36 17.41|-17.467|5.24
03 36 29.37|+48.193|4.32
03 36 47.29|+0.588|5.82
03 36 52.38|+0.402|4.29
03 37 05.68|-40.275|4.57
03 38 29.25|-7.392|5.86
03 39 01.12|-5.626|5.97
03 39 51.12|+3.057|5.55
03 40 38.33|-5.211|5.53
03 41 07.85|+37.580|5.55
03 42 09.34|+63.217|5.06
03 42 14.90|-31.938|4.99
03 42 18.95|+19.700|5.68
03 42 22.65|+33.965|4.97
03 42 42.74|+59.969|5.74
03 42 50.07|-37.314|4.59
03 42 55.50|+47.788|3.01
03 43 14.90|-9.763|3.52
03 43 33.83|-10.486|5.59
03 44 11.73|-64.807|3.84
03 44 19.13|+32.288|3.84
03 44 30.51|-1.163|5.24
03 44 31.42|+36.460|5.60
03 44 48.21|+24.289|5.45
03 44 52.54|+24.113|3.72
03 44 56.50|-0.297|5.56
03 45 09.74|+24.839|5.66
03 45 11.64|+42.579|3.77
03 45 12.49|+24.467|4.30
03 45 15.88|-47.359|5.72
03 45 40.44|+6.050|5.34
03 45 49.60|+24.368|3.87
03 45 54.48|+24.555|5.76
03 45 59.26|+45.682|5.66
03 46 00.87|+67.202|5.79
03 46 02.33|+63.345|4.78
03 46 08.53|-12.102|4.43
03 46 09.36|+6.804|5.91
03 46 19.57|+23.948|4.14
03 46 27.43|-29.338|5.91
03 46 50.89|-23.250|4.22
03 47 14.26|-74.239|3.26
03 47 29.08|+24.105|2.85
03 47 39.65|-23.875|5.24
03 47 56.04|-30.168|5.52
03 48 16.27|+11.143|5.08
03 48 20.82|+23.421|5.44
03 48 35.70|-20.903|5.81
03 48 35.87|-37.620|4.30
03 48 38.96|+0.228|5.91
03 49 08.12|+43.963|5.95
03 49 09.74|+24.053|3.62
03 49 11.22|+24.137|5.05
03 49 13.71|+70.871|5.40
03 49 27.25|-36.200|4.17
03 49 31.29|+65.526|4.39
03 49 32.69|+33.091|5.14
03 49 36.61|+63.297|5.82
03 50 04.43|+44.968|5.65
03 50 18.93|+25.579|5.24
03 50 21.49|+71.332|4.59
03 51 53.72|+34.359|5.78
03 52 00.23|+6.535|5.66
03 52 41.66|-5.361|5.48
03 53 10.04|+17.327|5.97
03 53 33.31|-46.894|5.93
03 53 38.69|+48.650|5.76
03 53 38.94|-34.732|5.11
03 53 42.70|-24.612|4.64
03 53 43.24|+57.975|5.80
03 54 07.92|+31.884|2.84
03 54 17.50|-2.955|4.46
03 54 23.17|-40.357|5.70
03 55 16.13|-12.099|5.99
03 55 58.17|+47.871|5.39
03 56 28.69|+35.081|5.49
03 56 36.49|+50.695|5.28
03 56 52.07|+22.478|5.62
03 57 08.29|+61.109|4.99
03 57 25.44|+63.072|4.95
03 57 51.23|+40.010|2.90
03 58 01.77|-13.509|2.97
03 58 44.74|-61.400|4.56
03 58 52.40|-5.470|5.85
03 58 57.90|+35.791|3.98
03 59 30.13|-12.574|5.61
03 59 55.48|-24.016|4.62
04 00 40.65|-30.491|5.93
04 00 40.82|+12.490|3.41
04 00 48.76|+18.194|5.89
04 00 53.81|-62.159|4.48
04 01 18.11|-61.079|4.97
04 01 32.05|-1.550|5.28
04 01 46.14|+9.998|5.67
04 02 36.74|-0.269|5.38
04 03 09.38|+5.989|3.91
04 03 44.60|+5.436|5.32
04 03 56.60|+8.197|5.45
04 04 09.88|+2.827|5.36
04 04 21.67|+24.106|5.46
04 04 22.72|-12.792|5.62
04 04 27.16|+59.156|5.00
04 04 41.71|+22.082|4.36
04 05 20.25|+22.009|5.90
04 05 37.42|-27.652|5.59
04 06 03.18|+68.680|5.88
04 06 35.05|+50.351|4.25
04 06 36.41|+27.600|5.18
04 07 00.46|+29.001|5.21
04 07 59.42|+17.340|5.89
04 08 36.59|+38.040|5.52
04 08 39.69|+47.713|3.96
04 09 01.57|+13.398|5.94
04 09 09.96|+19.609|5.51
04 09 17.83|-16.386|5.45
04 10 00.31|+86.626|5.84
04 10 02.78|+80.699|5.10
04 10 22.52|-6.924|5.44
04 10 47.77|-8.820|5.70
04 10 49.86|+26.481|5.39
04 10 50.55|-41.994|4.93
04 10 59.02|+33.587|5.75
04 11 20.28|+5.523|5.71
04 11 36.20|-20.356|5.80
04 11 51.94|-6.838|4.04
04 13 33.10|+7.716|5.29
04 13 56.38|+9.264|4.84
04 14 00.11|-42.294|3.85
04 14 23.69|-10.256|4.87
04 14 25.45|-62.474|3.33
04 14 36.23|+10.011|5.22
04 14 48.55|-62.192|5.45
04 14 53.31|+40.484|4.67
04 14 53.86|+48.409|4.12
04 15 16.33|-7.653|4.43
04 15 32.06|+8.892|4.27
04 16 01.55|-51.487|4.26
04 16 29.06|-59.302|4.44
04 16 43.10|+53.612|5.20
04 16 53.55|+61.850|5.69
04 17 08.09|+57.860|5.72
04 17 15.66|+20.579|4.93
04 17 19.22|-6.472|5.95
04 17 40.27|-63.255|5.88
04 17 53.65|-33.798|3.55
04 17 59.19|-80.214|5.67
04 18 14.60|+50.296|4.60
04 18 16.08|-20.715|6.00
04 18 23.20|+21.579|5.64
04 19 13.22|+50.049|5.46
04 19 16.68|-44.268|5.33
04 19 26.10|+21.142|5.50
04 19 36.70|+21.773|5.34
04 19 47.60|+15.628|3.65
04 19 57.70|+14.035|5.58
04 20 11.51|+50.921|5.55
04 20 14.43|+41.808|5.95
04 20 21.22|+27.351|4.97
04 20 24.64|+34.567|4.93
04 20 36.31|+15.095|5.26
04 20 39.01|-20.640|5.38
04 20 40.35|+65.140|5.26
04 20 41.24|+6.131|5.76
04 20 42.84|-7.592|5.85
04 20 58.04|-81.580|5.78
04 21 27.04|-0.098|5.86
04 21 33.16|+46.499|4.80
04 21 47.62|+60.736|5.40
04 21 51.81|+56.506|5.91
04 21 53.27|-63.386|5.24
04 22 03.51|+14.077|5.72
04 22 22.73|+20.821|5.91
04 22 34.94|+25.629|5.38
04 22 56.09|+17.543|3.77
04 23 05.67|-24.892|5.81
04 23 25.06|+16.777|5.64
04 23 32.37|+20.982|6.00
04 23 40.85|-3.745|5.17
04 23 51.82|+9.461|5.10
04 24 02.21|-34.017|3.97
04 24 05.76|+17.444|4.80
04 24 29.15|+34.131|5.73
04 24 37.45|+33.960|5.77
04 24 57.12|+19.042|5.97
04 25 05.35|-61.238|5.94
04 25 22.16|+22.294|4.21
04 25 25.01|+22.200|5.27
04 25 29.38|+17.928|4.30
04 26 06.30|+31.439|5.29
04 26 18.46|+22.814|4.28
04 26 20.74|+15.618|4.48
04 26 36.37|+14.714|4.69
04 27 02.90|+80.824|5.42
04 27 17.45|+22.996|5.53
04 27 28.77|+11.212|5.87
04 27 46.04|-62.521|5.74
04 28 00.78|+21.620|5.72
04 28 13.29|+83.808|5.51
04 28 23.40|+14.741|5.90
04 28 26.37|+16.360|4.96
04 28 32.12|+1.381|5.53
04 28 34.49|+15.962|3.84
04 28 36.99|+19.180|3.53
04 28 39.04|-19.459|5.95
04 28 39.74|+15.871|3.40
04 28 50.16|+13.048|5.02
04 29 06.93|-13.048|5.61
04 30 00.57|+83.340|5.47
04 30 08.60|+15.638|5.58
04 30 33.63|+16.194|4.78
04 30 37.36|+13.724|5.40
04 30 38.89|+15.692|5.47
04 30 40.33|-35.654|5.95
04 30 50.10|-44.954|5.07
04 31 52.67|-0.044|4.91
04 32 01.84|+53.911|5.78
04 32 37.55|-3.210|5.76
04 33 30.56|-29.766|4.49
04 33 30.64|+72.529|5.94
04 33 34.03|-62.824|5.79
04 33 50.91|+14.844|4.65
04 33 54.73|-6.739|5.71
04 33 59.75|-55.045|3.30
04 34 08.27|+5.569|5.67
04 34 11.63|-8.231|5.20
04 34 11.77|-8.970|5.24
04 34 37.99|+28.961|5.88
04 35 33.04|-30.562|3.81
04 35 39.26|+10.161|4.25
04 35 55.24|+16.509|0.87
04 36 19.14|-3.352|3.93
04 36 24.22|+64.262|5.91
04 36 41.43|+41.265|4.25
04 36 45.64|-62.077|5.59
04 37 13.67|+0.998|5.32
04 37 36.13|-2.474|5.22
04 38 09.44|+16.033|5.78
04 38 09.46|+12.511|4.27
04 38 10.82|-14.304|3.86
04 38 15.83|+20.685|5.85
04 38 53.56|-12.123|4.99
04 39 06.16|+7.871|5.38
04 39 09.22|+15.800|5.08
04 39 16.50|+15.918|4.67
04 39 19.71|-14.359|5.46
04 39 54.68|+53.080|5.07
04 39 58.05|+53.473|5.36
04 40 03.42|+12.198|5.45
04 40 06.81|-24.482|5.56
04 40 26.51|-19.671|4.32
04 40 33.74|-41.864|4.44
04 41 19.76|+28.615|5.73
04 41 24.12|+48.301|5.66
04 41 50.22|+38.280|5.97
04 42 03.47|-37.144|5.04
04 42 14.70|+22.957|4.27
04 42 46.44|-50.481|5.30
04 42 54.32|+43.365|5.30
04 43 03.95|-70.931|5.53
04 43 09.30|-30.766|5.66
04 43 21.59|+49.974|5.86
04 43 34.74|-8.794|5.98
04 44 05.32|-8.504|5.78
04 44 07.98|-18.667|5.53
04 44 21.14|-59.733|5.28
04 44 25.83|+11.146|5.39
04 45 04.16|-21.283|5.72
04 45 30.15|-3.255|4.01
04 46 01.74|+11.706|5.35
04 46 16.83|+18.735|5.99
04 46 44.48|+40.313|5.99
04 47 36.29|-16.934|5.49
04 48 00.25|+56.757|5.29
04 48 32.53|-16.329|5.76
04 48 36.39|-5.674|5.77
04 48 50.28|+75.941|5.96
04 49 12.85|+31.437|5.57
04 49 19.07|+32.588|5.84
04 49 50.41|+6.961|3.19
04 49 54.65|+37.488|4.89
04 50 11.62|-16.217|5.03
04 50 36.72|+8.900|4.35
04 50 55.34|-53.462|5.58
04 51 09.34|+48.741|5.64
04 51 12.36|+5.605|3.68
04 51 22.46|+18.840|5.08
04 51 28.21|-34.906|5.82
04 52 05.19|+63.505|5.47
04 52 31.96|+14.251|4.71
04 52 37.98|+36.703|4.79
04 52 47.11|+27.897|5.97
04 52 47.76|+42.587|5.68
04 52 53.67|-5.453|4.36
04 53 22.77|+2.508|5.33
04 54 03.01|+66.343|4.26
04 54 15.09|+2.441|3.71
04 54 46.90|+11.426|5.18
04 54 47.78|+7.779|5.33
04 54 50.71|+0.467|5.98
04 54 53.73|+10.151|4.64
04 55 03.13|+55.259|5.52
04 55 06.82|-16.741|5.71
04 55 11.15|-74.937|5.47
04 55 18.65|-16.418|5.71
04 55 50.15|+15.040|5.79
04 56 07.08|+52.870|5.75
04 56 22.28|+13.514|4.06
04 56 24.19|-5.171|5.50
04 56 59.62|+33.166|2.69
04 57 17.21|+53.752|4.43
04 57 22.34|+17.154|5.51
04 57 48.65|+23.949|5.79
04 58 09.39|+25.050|5.79
04 58 32.90|+1.714|4.47
04 58 50.98|-82.471|5.84
04 59 01.37|-16.376|5.65
04 59 15.40|+37.890|4.93
04 59 50.45|-10.263|5.39
04 59 55.74|-12.537|4.78
05 00 18.34|+39.395|5.95
05 00 20.72|+81.194|5.09
05 01 25.58|-20.052|4.91
05 01 26.35|-7.174|4.80
05 01 50.35|+0.722|5.91
05 01 58.13|+43.823|3.03
05 02 09.82|-26.275|5.01
05 02 22.80|-31.771|5.92
05 02 28.68|+41.076|3.69
05 02 43.00|-71.314|5.30
05 02 44.98|-22.795|5.74
05 02 45.39|-4.210|5.86
05 02 48.70|-49.151|5.37
05 03 05.75|+21.590|4.62
05 03 25.09|+60.442|4.03
05 03 53.27|-24.388|5.61
05 04 24.38|-35.483|4.55
05 04 34.15|+15.404|4.65
05 04 57.99|-49.578|5.05
05 05 16.20|-26.152|5.71
05 05 27.66|-22.371|3.19
05 05 30.67|-57.473|4.71
05 06 08.46|+58.972|5.22
05 06 29.68|+61.170|6.00
05 06 30.89|+41.234|3.18
05 06 40.64|+51.598|4.98
05 06 45.65|-4.655|5.12
05 07 24.96|-12.491|5.97
05 07 26.99|+18.645|4.91
05 07 27.22|+18.647|5.70
05 07 34.02|-63.400|5.19
05 07 48.40|+20.418|5.28
05 07 50.98|-5.086|2.78
05 07 52.89|+8.498|5.33
05 07 55.44|+21.705|5.84
05 08 06.62|+24.265|5.50
05 08 20.19|-8.665|5.80
05 08 43.70|-4.456|5.11
05 09 08.78|-8.754|4.25
05 09 19.64|+9.830|5.43
05 09 41.95|+15.597|4.81
05 09 45.09|+28.030|5.93
05 10 42.91|+46.962|5.67
05 11 19.18|-2.491|5.89
05 11 22.87|-11.849|5.60
05 11 41.56|+16.046|5.18
05 11 45.35|+1.037|5.88
05 12 17.90|-11.869|4.45
05 12 22.45|+73.947|5.44
05 12 48.13|-6.057|5.90
05 12 55.90|-16.205|3.29
05 13 13.88|-12.941|4.36
05 13 17.48|+2.861|4.46
05 13 25.72|+38.484|4.82
05 13 45.44|-67.185|4.81
05 14 28.85|-35.977|5.75
05 14 32.27|-8.202|0.18
05 14 44.05|+5.156|5.50
05 15 24.37|-26.944|5.06
05 15 24.40|+32.688|5.01
05 16 04.13|+11.341|5.52
05 16 18.15|+34.312|5.99
05 16 40.53|+46.001|0.96
05 16 41.34|+45.998|0.08
05 17 29.08|-34.895|4.81
05 17 36.39|-6.844|3.59
05 17 40.24|-13.520|5.48
05 18 10.57|+33.372|4.54
05 18 13.25|+73.268|5.81
05 18 15.69|+42.792|5.55
05 18 50.46|-18.130|5.96
05 19 00.03|+33.748|5.38
05 19 08.38|+40.099|4.69
05 19 11.22|+2.596|5.34
05 19 16.60|+22.096|4.96
05 19 22.13|-50.606|5.44
05 19 23.69|-27.369|5.98
05 19 34.53|-13.177|4.29
05 19 59.02|-12.316|5.29
05 20 00.92|+33.958|5.05
05 20 14.67|+41.086|5.46
05 20 22.61|+62.654|5.64
05 20 26.92|-21.240|4.70
05 21 12.69|+29.570|5.66
05 21 31.84|-0.416|5.68
05 21 43.56|+8.429|5.78
05 21 45.75|-0.382|4.72
05 21 46.26|-24.773|5.06
05 21 48.41|+41.805|5.22
05 22 33.73|+79.231|5.08
05 22 50.00|+3.544|4.99
05 22 50.32|+41.029|5.54
05 23 18.51|-8.416|5.99
05 23 24.02|-39.678|5.73
05 23 27.83|+57.544|5.24
05 23 30.16|-13.927|5.25
05 23 42.31|-0.160|5.69
05 23 56.83|-7.808|4.13
05 24 25.46|+17.384|5.00
05 24 28.49|-16.976|5.64
05 24 28.62|-2.397|3.35
05 24 28.91|-0.891|5.07
05 24 38.52|+31.143|5.94
05 24 39.14|+37.385|5.02
05 24 44.83|+1.846|4.89
05 25 01.74|-10.329|5.60
05 25 07.86|+6.350|1.64
05 25 59.83|-19.695|5.78
05 26 17.51|+28.607|1.65
05 26 19.27|-58.913|5.14
05 26 48.80|+34.392|5.92
05 26 50.23|+3.096|4.59
05 27 05.32|-40.944|5.86
05 27 08.27|+30.209|5.69
05 27 10.09|+17.962|5.40
05 27 38.08|+21.937|4.88
05 27 38.89|+34.476|5.08
05 27 45.61|+15.874|5.52
05 28 01.61|+17.239|5.77
05 28 14.72|-20.759|2.81
05 28 15.33|-37.231|5.56
05 29 16.50|+25.150|5.47
05 29 23.69|-3.446|5.80
05 29 43.98|-1.092|4.71
05 29 54.77|+1.789|5.77
05 30 09.48|-47.078|5.46
05 30 10.21|+63.067|5.43
05 30 26.16|+15.360|5.93
05 30 47.05|+5.948|4.20
05 30 48.65|+41.462|5.99
05 31 07.63|-20.864|5.53
05 31 12.75|-35.471|3.86
05 31 14.53|+3.292|5.46
05 31 36.00|-45.925|5.86
05 31 52.74|-76.341|5.18
05 31 55.86|-7.302|4.62
05 32 00.40|-0.299|2.25
05 32 12.75|+18.594|4.32
05 32 14.14|+17.058|5.50
05 32 41.35|-1.592|5.34
05 32 43.67|+32.192|4.71
05 32 43.81|-17.822|2.58
05 32 51.41|-38.513|5.45
05 32 59.54|-64.228|5.34
05 33 07.38|-35.139|5.75
05 33 31.45|-1.156|5.36
05 33 31.63|+18.540|5.67
05 33 37.52|-62.490|3.76
05 33 54.28|+14.306|5.60
05 34 04.05|-1.470|5.92
05 34 16.77|+3.767|5.32
05 34 44.78|-73.741|5.79
05 34 49.24|+9.490|4.39
05 35 01.01|-6.009|5.67
05 35 02.68|-6.002|4.78
05 35 08.28|+9.934|3.39
05 35 13.24|+10.240|5.60
05 35 15.47|-33.080|5.76
05 35 15.82|-5.387|4.98
05 35 16.47|-5.390|5.13
05 35 22.90|-5.416|4.98
05 35 23.16|-4.838|4.58
05 35 25.98|-5.910|2.75
05 35 27.13|+24.040|5.37
05 35 39.48|-4.856|5.24
05 36 12.81|-1.202|1.69
05 36 35.22|+54.429|5.74
05 36 35.69|-6.065|5.71
05 36 54.39|+9.291|4.09
05 37 03.73|+17.040|5.53
05 37 04.38|+11.035|5.97
05 37 08.84|+26.924|5.83
05 37 08.98|-80.469|5.65
05 37 38.69|+21.143|2.97
05 37 44.62|-28.690|5.28
05 38 01.12|+7.541|5.87
05 38 37.97|-6.574|5.96
05 38 38.09|+30.492|5.40
05 38 43.53|-40.707|5.81
05 38 44.77|-2.600|3.77
05 38 53.08|-7.213|4.77
05 39 11.15|+4.121|4.50
05 39 18.31|+29.215|5.98
05 39 31.15|-3.565|5.99
05 39 38.94|-34.074|2.65
05 39 44.20|+25.897|5.18
05 39 49.84|-32.629|5.44
05 40 45.53|-1.943|1.74
05 40 50.71|-1.129|4.95
05 41 05.60|+0.338|5.93
05 41 17.72|+16.534|4.84
05 42 13.96|-22.374|5.88
05 42 15.20|-34.668|5.29
05 42 26.45|+65.698|5.62
05 42 28.63|+1.475|4.90
05 42 53.91|-6.796|5.97
05 43 21.67|-18.557|5.73
05 44 27.81|-22.448|3.59
05 44 46.40|-65.736|4.34
05 45 54.04|+49.826|5.46
05 45 59.89|-32.306|5.18
05 46 27.37|-46.597|5.31
05 46 30.38|+56.116|5.93
05 46 34.91|+1.168|5.95
05 46 45.50|+15.822|6.00
05 46 52.14|+9.522|5.78
05 46 57.34|-14.822|3.55
05 47 13.15|+14.488|5.72
05 47 17.08|-51.067|3.85
05 47 26.20|+17.729|5.47
05 47 42.91|+13.900|5.28
05 47 45.39|-9.670|2.07
05 48 00.23|+6.454|5.26
05 48 34.94|-4.095|5.97
05 49 00.97|+24.568|4.88
05 49 10.44|+39.181|4.51
05 49 32.93|+12.651|4.89
05 49 36.54|-14.484|5.49
05 49 49.62|-56.167|4.50
05 49 53.50|-22.972|5.87
05 49 53.54|-66.901|5.10
05 50 02.68|+9.871|5.79
05 50 13.06|+4.423|5.96
05 50 16.80|-79.361|5.46
05 50 28.91|+14.306|5.54
05 50 30.03|+2.025|5.97
05 50 53.22|-52.109|5.16
05 50 57.58|-35.768|3.12
05 50 58.11|+27.968|5.60
05 51 02.43|+37.306|4.72
05 51 19.29|-20.879|3.76
05 51 21.99|-7.518|5.36
05 51 29.40|+39.148|3.97
05 52 07.73|-9.042|5.95
05 52 20.19|-57.156|5.93
05 52 22.29|+14.172|5.60
05 52 23.40|+19.868|5.96
05 52 26.44|+1.855|4.76
05 52 33.18|-37.631|5.62
05 53 06.88|-33.801|4.88
05 53 19.64|+27.612|4.56
05 54 05.97|-63.090|4.65
05 54 22.99|+20.276|4.39
05 54 43.63|-11.774|5.62
05 54 44.04|+0.969|5.99
05 54 50.10|-52.635|5.29
05 54 50.79|+55.707|4.96
05 54 52.49|-39.958|5.55
05 54 56.69|+19.750|5.92
05 54 57.83|+59.888|5.20
05 54 58.99|+31.701|5.90
05 55 10.30|+7.407|0.45
05 55 29.91|-37.121|4.97
05 55 30.17|-4.617|5.87
05 56 14.27|-22.840|5.95
05 56 20.94|-31.382|5.52
05 56 24.30|-14.168|3.71
05 56 28.04|+9.509|5.97
05 56 49.45|+11.521|5.89
05 57 32.21|-35.283|4.36
05 57 59.66|+25.954|4.81
05 58 24.44|+1.837|5.89
05 58 37.55|-44.035|5.81
05 58 49.57|+0.553|5.21
05 58 53.24|+12.808|5.70
05 59 04.31|-9.558|5.04
05 59 08.80|-42.815|3.96
05 59 21.78|+49.925|5.90
05 59 31.60|+54.285|3.72
05 59 31.74|+44.947|1.90
05 59 43.26|+37.213|2.65
05 59 56.10|+45.937|4.30
06 00 03.35|-3.074|4.53
06 00 49.18|-51.216|5.65
06 00 58.56|+47.902|5.71
06 01 16.30|-33.912|5.54
06 01 43.06|+48.959|5.98
06 01 50.42|-10.598|4.92
06 02 23.00|+9.647|4.12
06 03 15.60|-26.285|5.03
06 03 27.37|+19.691|5.14
06 03 55.18|+20.138|4.64
06 04 07.22|+23.263|4.16
06 04 13.50|-6.709|5.19
06 04 20.27|-32.172|5.65
06 04 40.12|-45.079|5.93
06 04 58.18|+5.420|5.67
06 04 58.36|+4.159|5.63
06 04 59.13|-16.484|4.92
06 05 03.39|+42.982|5.90
06 05 27.03|-10.243|5.88
06 05 27.18|-35.514|5.80
06 06 05.54|-29.759|5.79
06 06 09.32|-14.935|4.67
06 06 09.37|-66.040|5.72
06 06 32.10|-23.111|5.46
06 06 35.10|+38.483|5.35
06 06 38.74|-4.194|5.37
06 06 57.51|-21.812|5.74
06 07 03.37|-62.155|5.04
06 07 03.67|-34.312|5.82
06 07 31.63|-37.253|5.00
06 07 34.32|+14.768|4.42
06 07 41.64|-19.166|5.28
06 07 52.86|-42.154|5.50
06 08 44.31|-68.843|5.06
06 08 57.87|-22.427|5.49
06 08 57.90|+2.500|5.70
06 09 32.44|+22.190|5.93
06 09 34.52|-14.585|5.56
06 09 43.98|+23.113|5.75
06 09 47.96|-22.774|5.71
06 09 59.00|+58.936|5.35
06 10 10.41|-40.354|5.54
06 10 14.28|-74.753|5.08
06 10 17.91|-54.969|4.72
06 10 34.68|-27.154|5.72
06 11 15.00|-65.589|5.01
06 11 32.31|+24.420|5.83
06 11 36.59|+48.711|5.78
06 11 51.81|-6.550|5.06
06 11 56.40|+14.209|4.45
06 12 01.34|+19.791|5.76
06 12 03.28|+16.130|4.95
06 12 20.12|+32.693|5.78
06 12 51.06|+65.718|5.36
06 13 54.24|-3.741|5.83
06 14 28.58|+17.906|5.86
06 14 36.70|-4.568|5.83
06 14 50.88|+19.156|5.20
06 14 51.33|-6.275|3.99
06 14 52.66|+22.507|3.31
06 15 08.40|-20.272|5.88
06 15 08.47|+13.851|5.91
06 15 17.72|-18.477|5.99
06 15 22.69|+29.498|4.32
06 15 25.13|+16.143|5.34
06 15 29.67|-4.915|5.99
06 15 34.26|-0.512|5.62
06 15 40.53|+59.999|5.37
06 15 44.88|-13.718|5.00
06 15 44.96|+12.551|5.44
06 16 07.69|-16.618|5.97
06 16 26.62|+12.272|5.04
06 16 33.14|-35.141|4.37
06 16 35.59|-39.264|6.00
06 17 01.23|-37.737|5.54
06 17 06.62|+9.942|5.39
06 17 09.57|-37.253|5.88
06 17 16.14|+5.100|5.70
06 17 41.72|-16.816|5.15
06 17 54.83|+61.515|5.01
06 18 13.73|-19.967|5.51
06 18 50.58|-9.390|5.36
06 18 50.78|+69.320|4.76
06 18 58.98|-20.926|5.79
06 19 37.39|+59.011|4.44
06 19 40.95|-34.397|5.76
06 19 42.80|-7.823|5.27
06 19 59.60|-2.944|4.91
06 20 04.23|+14.651|5.67
06 20 18.79|-30.063|3.02
06 20 36.24|-34.144|5.55
06 21 24.71|-11.773|5.48
06 21 46.12|+53.452|5.34
06 22 06.83|-33.436|3.85
06 22 36.39|+12.570|6.00
06 22 38.24|-69.984|5.56
06 22 41.98|-17.956|1.98
06 22 55.84|-56.370|5.60
06 22 57.62|+22.514|2.87
06 23 37.70|-52.181|5.98
06 23 46.09|+4.593|4.39
06 23 55.92|-25.578|5.61
06 23 57.10|-52.696|-0.62
06 24 01.01|-36.708|5.62
06 24 10.32|-11.530|5.21
06 24 13.86|-60.281|5.78
06 24 53.90|+49.288|4.92
06 25 16.55|-0.946|5.88
06 25 28.64|-69.690|5.37
06 25 43.65|-48.177|5.76
06 26 25.85|+56.285|5.53
06 26 39.58|-1.507|5.87
06 26 48.88|+58.417|5.21
06 27 04.13|-58.002|5.82
06 27 13.76|+0.299|5.19
06 27 15.59|-0.276|5.55
06 27 20.45|+2.908|5.55
06 27 57.57|-4.762|5.06
06 28 10.21|-32.580|4.47
06 28 34.09|+30.493|5.75
06 28 37.42|-17.466|5.76
06 28 39.24|-32.371|5.74
06 28 49.07|-7.033|3.76
06 28 57.79|+20.212|4.13
06 29 28.52|-56.853|5.20
06 29 49.09|-50.239|5.28
06 30 02.98|+46.686|5.88
06 30 11.28|-10.082|5.92
06 30 46.29|-27.770|5.92
06 30 47.12|+58.163|5.86
06 31 13.09|-35.259|5.82
06 31 18.28|-51.826|5.58
06 31 23.04|-12.392|5.16
06 31 48.30|+11.544|5.22
06 31 50.06|-8.158|5.43
06 31 51.37|-23.418|4.34
06 31 58.31|-58.754|5.69
06 32 19.20|+4.856|5.88
06 32 21.38|-37.697|5.25
06 32 23.13|-5.869|5.60
06 32 27.19|+32.455|5.82
06 32 38.98|-32.030|5.73
06 32 54.23|+7.333|4.47
06 33 36.17|+14.155|5.57
06 33 37.92|-1.220|5.09
06 33 49.48|-36.232|5.42
06 34 35.33|-32.716|5.62
06 34 58.58|-52.976|4.35
06 35 03.39|-22.965|4.54
06 35 12.06|+28.022|5.26
06 35 15.83|+0.890|5.78
06 35 17.60|+9.988|5.93
06 35 24.22|-36.780|5.59
06 36 22.85|-18.660|5.71
06 36 32.84|+38.446|5.40
06 36 35.33|-5.211|5.52
06 36 41.04|-19.256|3.95
06 36 46.60|-13.321|5.95
06 37 13.84|-36.991|5.72
06 37 38.40|+56.858|5.87
06 37 41.52|+61.481|5.94
06 37 42.70|+16.399|1.93
06 37 45.67|-43.196|3.17
06 37 47.61|-32.340|5.25
06 37 53.42|-18.237|4.42
06 38 23.01|+28.984|5.76
06 38 37.63|-48.220|5.05
06 38 39.54|+39.391|5.70
06 38 49.18|+39.903|5.34
06 39 16.72|-14.146|4.82
06 39 19.83|+42.489|4.80
06 39 42.66|-30.470|5.70
06 39 47.72|+12.983|5.99
06 40 02.91|-80.814|5.61
06 40 28.84|+77.996|5.75
06 40 32.25|+71.749|5.88
06 40 58.66|+9.896|4.66
06 41 05.44|+0.495|5.79
06 41 56.39|-9.168|5.21
06 42 24.33|+17.645|5.20
06 43 04.98|+44.524|5.04
06 43 38.65|+3.933|5.88
06 43 55.93|+25.131|3.06
06 43 59.29|+13.228|4.49
06 44 28.47|-31.071|5.23
06 44 45.46|+28.971|5.42
06 45 08.93|-16.716|-1.44
06 45 17.37|+12.896|3.35
06 45 22.96|-31.794|5.92
06 45 31.19|-30.949|5.62
06 45 53.72|-52.410|5.81
06 45 59.40|-14.796|5.30
06 46 14.14|+59.442|4.86
06 46 14.41|+79.565|5.44
06 46 32.42|+8.587|5.92
06 46 39.02|-10.107|5.66
06 46 44.34|+43.577|5.24
06 46 49.50|+57.169|5.34
06 46 51.09|-14.426|5.28
06 46 52.68|-51.266|5.39
06 47 18.71|-55.540|5.60
06 47 19.83|+8.037|4.77
06 47 21.40|-37.930|5.27
06 47 37.22|-8.999|5.08
06 47 39.58|+48.789|5.22
06 47 51.65|+2.412|4.48
06 48 11.50|-61.941|3.24
06 48 12.27|+55.704|5.54
06 48 19.07|-1.319|5.75
06 48 57.74|-15.145|5.39
06 49 16.41|-2.272|5.75
06 49 41.31|+32.607|5.72
06 49 49.84|+16.203|5.87
06 49 50.46|-32.508|3.50
06 49 51.32|-53.622|4.41
06 49 54.62|-46.615|5.14
06 49 56.16|-50.615|2.94
06 50 21.77|-17.085|5.77
06 50 23.35|-31.706|5.74
06 50 25.50|+13.413|5.68
06 50 45.95|+41.781|4.99
06 50 49.83|-0.541|5.78
06 50 52.35|-34.367|4.99
06 50 57.09|+67.572|5.14
06 51 26.98|-70.963|5.41
06 51 33.04|+21.761|5.28
06 51 42.43|-36.230|5.94
06 51 59.99|+23.602|5.68
06 52 47.34|+33.961|3.60
06 52 49.47|+8.380|5.75
06 53 05.06|+59.449|5.34
06 53 18.82|-19.033|5.65
06 53 32.91|-20.224|4.82
06 53 42.24|+68.888|5.11
06 54 07.95|-24.184|3.89
06 54 11.40|-12.039|4.08
06 54 24.66|-1.127|5.44
06 54 38.64|+13.178|4.73
06 55 02.74|-20.405|5.80
06 55 18.67|+25.376|5.74
06 55 37.43|-20.136|4.66
06 55 46.93|-22.941|5.29
06 56 06.64|-14.043|5.00
06 56 08.22|-17.054|4.36
06 56 15.99|-48.721|4.94
06 56 25.83|+9.957|5.90
06 56 32.06|+46.274|5.85
06 56 34.48|-79.420|5.45
06 56 56.08|+46.705|5.88
06 57 00.52|+33.681|5.91
06 57 16.60|+58.423|4.35
06 57 33.91|-24.631|5.45
06 57 37.11|+45.094|4.90
06 58 25.10|-34.112|5.07
06 58 35.90|-25.414|5.59
06 58 37.55|-28.972|1.50
06 58 57.03|+3.602|5.96
06 59 50.56|-67.916|5.18
07 00 03.89|+76.977|4.55
07 00 15.83|+16.079|5.73
07 00 23.76|-8.407|5.95
07 00 51.49|-51.403|5.14
07 01 05.94|-25.216|5.64
07 01 21.40|+70.808|5.69
07 01 43.15|-27.935|3.49
07 01 56.38|-5.722|5.22
07 02 17.49|+15.336|5.78
07 02 24.78|+24.215|5.20
07 02 25.53|+17.756|5.96
07 02 33.29|+16.674|5.86
07 02 54.78|-4.239|4.99
07 03 01.47|-23.833|3.02
07 03 15.10|-59.178|5.50
07 03 17.92|+9.138|5.96
07 03 30.45|+29.337|5.93
07 03 38.07|+10.952|5.14
07 03 45.49|-15.633|4.11
07 03 53.63|-49.584|4.92
07 03 57.34|-43.608|5.56
07 04 02.80|-42.337|5.20
07 04 05.25|-5.324|5.63
07 04 06.53|+20.570|4.01
07 04 18.33|-56.750|5.14
07 05 18.37|+22.637|6.00
07 05 39.03|+9.186|5.78
07 06 11.60|+34.474|5.55
07 06 40.77|-11.294|5.41
07 07 07.08|-40.893|5.80
07 07 13.29|-51.968|5.96
07 07 22.40|+34.009|5.94
07 07 22.59|-23.841|5.75
07 07 49.49|+7.471|5.74
07 08 22.04|+15.931|5.47
07 08 23.49|-26.393|1.83
07 08 42.35|-70.497|5.68
07 08 44.84|-70.499|3.78
07 08 51.07|-39.656|4.83
07 09 33.36|-16.235|6.00
07 09 43.02|-25.231|5.69
07 10 13.68|-4.237|4.91
07 10 19.32|-27.492|5.46
07 10 47.49|-48.932|5.12
07 11 08.37|+30.245|4.41
07 11 23.07|+26.857|5.75
07 11 23.61|-0.302|5.44
07 11 39.32|+39.321|4.91
07 11 41.60|-20.883|5.84
07 11 51.86|-0.493|4.15
07 12 12.21|-25.943|5.91
07 12 15.81|-40.499|5.30
07 12 25.82|-36.544|5.94
07 12 26.38|+24.129|5.85
07 12 33.66|-46.759|4.49
07 13 07.19|-11.251|5.77
07 13 13.36|-45.183|4.87
07 13 22.27|+16.159|5.07
07 13 23.40|+51.429|5.46
07 13 24.02|-22.674|5.99
07 13 32.29|-44.640|4.42
07 14 10.85|-3.902|5.80
07 14 15.21|-26.353|4.42
07 14 15.52|-9.948|5.90
07 14 20.06|+3.111|5.36
07 14 32.62|+12.116|5.71
07 14 38.14|-48.272|4.75
07 14 41.97|+24.885|5.84
07 14 46.02|-46.850|5.72
07 14 48.66|-26.773|4.01
07 14 51.17|-27.038|5.58
07 14 57.15|-41.426|5.95
07 15 21.07|-30.686|5.36
07 15 21.24|-52.499|5.96
07 15 39.43|+7.978|5.78
07 15 43.24|-10.584|5.95
07 15 50.13|+47.240|5.54
07 15 54.96|+59.637|5.20
07 15 57.17|+27.897|5.75
07 16 14.56|-15.586|5.46
07 16 15.47|-46.775|5.64
07 16 31.85|-38.319|5.81
07 16 34.99|-27.881|4.66
07 16 36.83|-23.316|4.83
07 16 49.41|-36.593|5.03
07 16 49.83|-67.957|3.97
07 17 08.56|-37.097|2.71
07 17 33.72|+52.131|5.93
07 18 02.22|+40.883|5.87
07 18 04.25|-43.987|5.86
07 18 05.58|+16.540|3.58
07 18 18.40|-36.734|4.65
07 18 31.98|+49.465|5.00
07 18 33.51|-39.210|5.24
07 18 38.19|-36.743|5.11
07 18 40.38|-24.559|4.88
07 18 42.49|-24.954|4.37
07 18 51.27|-26.586|5.29
07 19 22.37|+2.741|5.90
07 19 28.18|-16.395|5.70
07 19 47.64|+7.143|5.91
07 20 07.38|+21.982|3.50
07 20 21.44|-52.312|5.50
07 20 38.81|-52.086|5.38
07 20 54.92|-26.964|6.00
07 20 58.29|-14.360|5.59
07 21 04.33|-25.892|5.87
07 21 17.51|+45.228|5.74
07 21 56.86|+20.444|5.09
07 22 02.63|+36.761|5.12
07 22 03.48|+0.177|5.99
07 22 13.53|-19.017|4.94
07 22 25.39|-5.983|5.83
07 22 52.06|+55.281|5.80
07 23 00.70|-31.924|5.40
07 23 28.51|+25.051|5.04
07 23 28.99|-27.834|5.37
07 23 31.89|-32.202|5.41
07 24 05.70|-29.303|2.45
07 24 08.47|+40.672|5.23
07 24 33.45|+27.638|5.77
07 24 40.19|-16.201|5.18
07 24 43.86|-31.809|5.35
07 24 57.09|+51.887|5.80
07 24 58.18|+11.670|5.37
07 25 08.32|-13.752|5.79
07 25 25.27|-25.218|5.79
07 25 38.17|-79.094|5.54
07 25 38.90|+9.276|4.99
07 25 43.60|+27.798|3.78
07 25 51.20|-5.775|5.98
07 26 21.85|-51.018|5.09
07 26 42.47|-34.141|5.90
07 26 42.85|+49.212|4.61
07 26 56.33|+20.258|5.94
07 26 59.48|-23.086|5.65
07 27 07.99|-17.865|5.60
07 27 09.04|+8.289|2.89
07 27 42.94|-22.859|5.98
07 27 44.37|+21.445|5.20
07 27 51.66|-11.557|5.79
07 27 59.16|-29.156|5.55
07 28 02.07|+6.942|5.22
07 28 09.79|+8.926|4.33
07 28 51.15|-31.848|5.95
07 28 51.48|+48.184|5.70
07 29 04.92|-31.456|5.78
07 29 05.70|-38.812|5.41
07 29 06.70|+31.785|4.16
07 29 13.84|-43.301|3.25
07 29 18.67|-1.905|5.60
07 29 20.44|+28.118|5.07
07 29 22.11|-10.327|5.75
07 29 25.64|-7.551|5.86
07 29 47.78|+12.007|4.55
07 29 48.77|+27.916|5.01
07 29 51.41|-23.024|4.85
07 29 55.92|+49.672|5.35
07 29 59.73|-52.651|5.87
07 30 30.91|-54.399|5.95
07 30 42.60|-30.962|4.65
07 30 52.70|+68.466|5.63
07 31 04.48|+82.411|4.92
07 31 48.40|+17.086|5.45
07 32 05.76|-8.881|5.90
07 32 05.95|+1.914|5.24
07 33 09.78|-24.711|5.84
07 33 11.67|+3.290|5.59
07 33 19.56|-19.413|5.64
07 33 36.48|+15.827|5.27
07 33 47.96|-14.524|4.82
07 33 51.04|-36.338|5.42
07 34 03.18|-22.296|4.44
07 34 15.89|+3.372|5.83
07 34 18.62|-23.474|5.06
07 34 34.80|-27.012|5.78
07 34 35.88|+31.888|1.58
07 34 36.58|+31.891|2.85
07 35 08.80|+30.961|5.34
07 35 22.90|-28.369|4.65
07 35 39.71|-52.534|4.93
07 35 55.35|+26.896|4.06
07 36 03.90|-14.493|5.66
07 36 31.64|+46.180|5.66
07 36 34.71|+5.862|5.89
07 36 41.03|-19.702|5.69
07 36 43.92|-48.830|5.69
07 36 47.04|+55.755|5.93
07 37 16.69|-4.111|5.14
07 37 22.11|-34.969|4.53
07 37 53.86|+48.774|5.93
07 38 18.05|-25.365|4.69
07 38 18.21|-48.601|5.68
07 38 32.86|+35.049|5.58
07 38 43.90|-36.497|5.78
07 38 49.87|-26.804|3.80
07 39 09.94|+34.584|4.89
07 39 18.12|+5.225|0.40
07 39 27.34|-38.308|4.84
07 39 28.59|+17.675|5.04
07 39 43.82|-38.139|5.73
07 39 47.88|-38.261|5.76
07 39 57.99|-37.579|5.99
07 40 13.53|-19.661|5.92
07 40 14.70|+38.345|5.77
07 40 23.21|-15.264|4.98
07 40 31.06|+87.020|5.05
07 40 58.52|+23.019|5.93
07 41 12.42|+48.132|5.58
07 41 14.83|-9.551|3.94
07 41 15.82|-38.534|5.41
07 41 35.16|+3.625|5.95
07 41 49.21|-72.606|3.93
07 41 51.85|+13.480|5.79
07 42 03.22|+14.209|5.55
07 42 48.15|-26.351|5.64
07 42 57.11|-45.173|5.04
07 43 00.44|+58.710|4.93
07 43 11.99|-36.050|5.60
07 43 18.72|+28.884|4.23
07 43 32.39|-28.411|4.63
07 43 41.91|-40.934|5.12
07 43 48.47|-28.955|3.94
07 44 04.18|+50.434|5.31
07 44 06.91|+25.784|5.30
07 44 09.70|-36.063|5.80
07 44 26.85|+24.398|3.57
07 44 34.17|-24.674|5.62
07 44 34.19|-37.943|5.89
07 45 15.30|-37.969|3.62
07 45 19.00|+28.026|1.16
07 45 35.05|-34.172|5.36
07 45 56.87|-14.564|5.03
07 46 02.19|-6.773|5.49
07 46 07.45|+18.510|4.89
07 46 10.55|-37.934|5.87
07 46 16.20|+10.768|5.25
07 46 39.28|+37.517|5.15
07 46 40.05|+65.456|5.93
07 47 12.56|-22.520|5.90
07 47 24.99|-38.511|5.07
07 47 30.33|+33.416|5.14
07 47 31.51|-46.608|5.22
07 47 56.72|-12.193|5.48
07 48 05.17|-25.937|4.40
07 48 20.19|-47.078|4.69
07 49 01.68|-24.912|5.32
07 49 06.72|-56.410|5.57
07 49 12.86|-46.858|5.82
07 49 12.93|-60.284|5.78
07 49 14.30|-46.373|4.10
07 49 14.65|-35.243|5.94
07 49 17.66|-24.860|3.34
07 49 35.41|-33.289|5.61
07 49 40.99|-66.196|5.78
07 49 41.20|-17.228|5.17
07 50 10.58|-9.183|5.60
07 50 23.85|-50.509|5.89
07 51 41.99|+1.767|5.12
07 51 43.03|-21.174|5.62
07 51 46.30|-13.898|5.16
07 52 13.04|-40.576|3.71
07 52 15.69|-34.705|5.01
07 52 18.88|-14.846|5.69
07 52 29.74|-54.367|5.70
07 52 38.65|-38.863|4.49
07 52 47.86|-5.428|5.76
07 53 03.51|-36.364|5.44
07 53 03.64|-49.613|4.63
07 53 18.16|-48.103|4.22
07 53 29.82|+26.766|4.97
07 54 11.01|-35.877|5.48
07 54 42.71|+47.565|5.47
07 54 53.35|-57.303|5.62
07 55 31.43|+8.863|5.86
07 55 39.90|+19.884|5.38
07 56 18.65|-60.526|5.74
07 56 46.73|-52.982|3.46
07 56 51.54|-22.880|4.20
07 56 57.80|-43.500|5.36
07 56 59.45|+15.790|5.80
07 57 18.42|-44.110|5.08
07 57 40.11|-30.335|4.76
07 57 46.61|-60.303|5.59
07 57 51.72|-45.578|5.14
07 58 14.44|-49.245|4.47
07 58 20.65|+2.225|5.30
07 58 50.56|-60.824|5.77
07 59 01.81|-45.216|5.98
07 59 05.72|-23.310|5.09
07 59 28.38|-39.297|5.22
07 59 37.54|-60.587|5.19
07 59 44.15|-3.680|4.93
07 59 52.05|-18.399|4.61
08 00 11.75|+73.918|5.37
08 00 19.97|-63.567|4.81
08 00 47.31|+17.309|5.60
08 00 49.95|-54.151|5.87
08 00 55.87|+25.393|5.87
08 01 13.34|-1.393|4.69
08 01 13.89|+4.880|5.65
08 01 20.76|+59.047|5.78
08 01 30.29|+16.455|5.99
08 01 37.53|-37.284|5.90
08 02 15.94|+2.335|4.39
08 02 44.79|-41.310|5.52
08 03 04.16|-32.464|5.83
08 03 31.08|+27.794|4.94
08 03 35.05|-40.003|2.21
08 04 16.19|-32.675|5.25
08 04 42.40|-50.590|5.96
08 04 47.16|+79.480|5.39
08 05 03.71|-53.108|5.52
08 05 04.49|+13.118|5.14
08 06 18.40|+22.635|5.96
08 06 40.34|-45.266|5.04
08 07 18.04|-20.554|5.33
08 07 32.65|-24.304|2.83
08 07 45.85|+21.582|5.30
08 07 55.82|-68.617|4.35
08 08 27.47|+51.507|4.78
08 08 35.65|-2.984|4.36
08 09 00.77|-61.302|4.74
08 09 01.64|-19.245|4.40
08 09 09.51|-48.684|5.66
08 09 28.53|-16.249|5.66
08 09 31.95|-47.337|1.75
08 09 33.63|-56.085|5.66
08 09 35.92|-44.123|5.20
08 09 43.16|-47.937|5.23
08 10 03.79|+58.248|5.91
08 10 27.18|+25.507|5.73
08 10 39.83|-13.799|5.53
08 11 10.80|-48.462|5.83
08 11 16.31|-12.927|4.72
08 11 21.49|-39.619|4.44
08 11 25.89|-42.987|4.73
08 11 33.00|-7.773|5.36
08 11 59.97|-46.644|5.77
08 12 12.73|+17.648|4.67
08 12 30.79|-46.264|6.00
08 12 48.79|+68.474|5.34
08 13 08.87|+29.657|5.62
08 13 19.97|-15.788|4.99
08 13 29.52|-35.900|4.78
08 13 34.24|-50.196|5.52
08 13 36.16|-46.992|5.14
08 13 50.19|+56.452|5.88
08 13 58.31|-36.322|5.09
08 14 02.91|-40.348|4.42
08 14 13.26|-35.490|5.77
08 14 23.87|-45.835|5.86
08 15 15.94|-62.916|5.16
08 16 30.92|+9.186|3.53
08 17 50.42|+59.571|5.63
08 18 17.40|-35.452|5.59
08 18 18.79|-65.613|5.06
08 18 23.94|-12.632|5.95
08 18 31.33|-76.920|4.05
08 18 33.33|-36.659|4.44
08 19 17.17|+62.507|5.73
08 19 32.23|+75.757|5.55
08 19 48.99|-71.515|5.33
08 20 00.55|-71.505|5.63
08 20 03.86|+27.218|5.13
08 20 20.97|+20.748|5.80
08 20 26.03|+57.743|5.89
08 20 32.14|+24.022|5.92
08 20 38.81|-77.484|4.34
08 20 40.32|+72.407|6.00
08 21 12.10|-57.973|5.96
08 21 21.05|-36.484|5.18
08 21 21.22|-20.079|5.58
08 21 23.03|-33.054|4.83
08 21 54.61|-17.586|5.71
08 22 04.50|-73.400|5.28
08 22 30.85|-59.509|1.86
08 22 31.70|-48.490|4.79
08 22 49.94|-26.348|5.88
08 22 50.12|+43.188|4.25
08 22 54.09|-7.543|5.92
08 22 55.17|-52.124|5.89
08 23 21.84|+18.332|5.94
08 23 48.51|+53.220|5.52
08 24 20.29|-80.914|5.67
08 24 35.01|-3.751|5.61
08 24 55.18|-23.154|5.67
08 24 57.21|-42.770|5.97
08 25 03.74|-24.046|5.32
08 25 31.33|-51.727|5.18
08 25 35.54|+2.102|5.74
08 25 39.63|-3.906|3.91
08 25 44.22|-66.137|3.77
08 25 51.61|-64.601|5.95
08 25 51.91|-42.153|5.45
08 25 54.77|+7.565|5.13
08 25 55.59|-14.930|5.96
08 26 27.21|-3.987|5.60
08 26 27.71|+27.894|5.58
08 26 41.95|-12.535|5.52
08 26 43.94|+12.655|5.56
08 27 16.78|-70.093|5.51
08 27 36.61|-53.088|5.08
08 27 59.42|-35.114|5.75
08 28 37.34|+14.211|5.94
08 29 04.75|-47.929|5.33
08 29 07.57|-44.160|5.82
08 29 27.48|-44.725|5.03
08 29 45.64|-46.332|5.98
08 29 46.26|+67.297|5.89
08 30 15.95|+60.718|3.35
08 30 28.61|-32.159|5.61
08 31 30.52|+24.081|5.71
08 31 30.93|-19.577|5.42
08 31 35.73|+18.094|5.33
08 32 04.96|-53.212|5.68
08 32 42.50|+20.441|5.33
08 32 55.00|+38.016|5.88
08 33 38.43|-38.849|5.92
08 33 43.48|+4.757|5.89
08 34 01.62|-2.152|5.80
08 34 36.16|+65.145|5.47
08 34 43.60|-49.944|5.01
08 34 43.89|+36.420|5.76
08 35 15.57|-58.225|5.27
08 35 19.68|-58.009|4.84
08 35 28.20|-7.982|5.72
08 35 28.71|-26.843|5.95
08 35 50.97|+6.620|5.91
08 35 52.03|-50.970|5.79
08 37 05.77|+9.656|5.92
08 37 18.84|-62.853|5.45
08 37 38.64|-42.989|4.11
08 37 39.37|+5.704|4.14
08 37 52.15|-26.255|5.24
08 38 18.99|+32.802|5.96
08 38 22.21|+53.402|5.66
08 38 45.44|+3.341|4.45
08 39 05.14|-70.387|5.19
08 39 07.91|-22.662|5.05
08 39 11.73|+65.021|5.63
08 39 17.63|+52.712|5.91
08 39 23.85|-53.440|5.45
08 39 42.48|-29.561|4.86
08 39 57.61|-53.055|5.18
08 40 01.47|-12.475|4.98
08 40 06.14|-35.308|3.97
08 40 12.86|+64.328|4.59
08 40 17.48|-53.015|5.56
08 40 17.59|-52.922|3.60
08 40 19.19|-40.264|5.20
08 40 35.26|-45.191|5.67
08 40 37.03|-59.761|4.31
08 40 37.57|-46.649|3.77
08 41 01.06|+45.834|5.35
08 41 05.32|-48.923|5.90
08 41 13.14|-47.317|4.74
08 41 19.58|-78.963|5.46
08 41 43.34|-15.943|4.87
08 41 56.91|-45.411|5.20
08 42 16.19|-48.099|5.48
08 42 19.00|-53.100|5.49
08 42 25.39|-53.114|4.83
08 43 12.33|+12.681|5.62
08 43 13.48|+3.399|4.30
08 43 17.15|+21.469|4.66
08 43 35.54|-33.186|3.68
08 43 40.27|-49.823|5.15
08 43 40.38|-7.234|4.63
08 44 23.95|-42.649|4.05
08 44 41.10|+18.154|3.94
08 44 41.78|-54.708|5.00
08 44 42.21|-54.709|1.93
08 44 45.04|+10.082|5.63
08 44 51.93|-37.147|5.74
08 45 55.22|-79.504|5.79
08 46 01.65|-46.042|3.87
08 46 02.47|-2.049|5.70
08 46 22.54|-13.548|4.32
08 46 30.55|-45.913|5.43
08 46 41.82|+28.760|4.03
08 46 42.55|-56.770|4.50
08 46 46.51|+6.419|3.38
08 46 56.02|+12.110|5.89
08 47 14.99|-1.897|5.28
08 47 18.84|-46.155|5.71
08 48 25.97|+5.838|4.35
08 49 21.73|-3.443|5.30
08 49 39.16|-40.320|5.47
08 49 47.64|-45.308|4.94
08 49 51.50|-32.781|5.19
08 50 02.23|-29.463|5.86
08 50 21.02|-42.090|6.00
08 50 31.93|-27.710|4.02
08 50 33.46|-46.529|5.09
08 50 34.74|-66.793|5.34
08 51 34.41|-7.177|5.55
08 51 36.52|-57.634|5.59
08 51 56.83|+43.727|5.15
08 52 10.03|+42.003|5.98
08 52 11.77|+45.313|5.96
08 52 34.62|+32.474|5.67
08 52 35.85|+28.331|5.96
08 52 38.61|-48.359|5.92
08 52 48.02|-38.724|5.79
08 53 22.56|+61.962|5.72
08 53 48.66|-60.354|5.78
08 53 50.60|-47.521|5.31
08 54 14.73|+30.579|5.40
08 55 02.85|-60.645|3.84
08 55 11.77|-54.966|5.70
08 55 12.43|-18.241|5.75
08 55 23.63|+5.946|3.11
08 55 31.56|-27.682|4.87
08 55 39.68|+27.927|5.23
08 55 55.55|+11.626|5.44
08 56 19.27|-52.723|4.68
08 56 30.53|+40.201|5.90
08 56 34.13|-16.709|5.95
08 56 37.47|+64.604|5.57
08 56 41.82|-85.663|5.43
08 56 49.98|+45.632|5.72
08 56 56.60|+32.910|5.44
08 56 58.42|-59.229|4.93
08 57 14.95|+15.323|5.22
08 57 35.20|+15.581|5.68
08 57 55.56|-48.573|5.88
08 58 29.22|+11.858|4.26
08 58 43.93|-16.133|5.80
08 58 52.38|-47.235|5.17
08 59 12.58|+48.042|3.12
08 59 24.28|-59.084|5.17
08 59 32.66|+32.419|5.23
09 00 05.42|-41.254|4.45
09 00 38.47|+41.783|3.96
09 00 45.75|-60.964|5.80
09 01 08.50|-68.684|5.89
09 01 20.86|-41.864|5.56
09 01 24.13|+32.252|5.89
09 01 44.57|-52.189|5.23
09 01 57.99|-0.483|5.64
09 02 26.80|-66.396|4.00
09 02 32.71|+67.630|4.74
09 02 44.26|+24.453|5.45
09 02 44.82|+7.298|5.85
09 03 37.54|+47.157|3.57
09 04 00.40|+54.284|5.74
09 04 09.29|-47.098|3.75
09 05 08.83|-72.603|4.47
09 05 24.10|+48.530|5.48
09 05 38.38|-70.538|4.66
09 05 58.37|+5.092|4.99
09 06 31.77|+38.452|4.56
09 07 44.81|+10.668|5.23
09 07 59.76|-43.433|2.23
09 08 00.05|+29.654|5.42
09 08 02.88|-25.859|4.62
09 08 23.52|+66.873|5.15
09 08 42.18|-8.590|5.60
09 08 47.34|+26.629|5.95
09 08 51.09|+33.882|5.95
09 08 52.31|+51.605|4.46
09 09 04.21|-18.329|5.73
09 09 11.51|-12.358|5.76
09 09 21.54|+22.045|5.16
09 09 35.57|-8.788|5.47
09 09 56.41|-30.365|5.59
09 10 23.53|+67.134|4.80
09 10 54.99|+63.514|4.67
09 10 58.09|-58.967|3.43
09 11 04.40|-44.868|4.99
09 11 16.75|-62.317|3.96
09 11 33.39|-46.584|5.78
09 11 58.74|-19.748|5.72
09 12 30.53|-43.613|5.56
09 12 55.63|-59.414|5.54
09 13 12.15|-69.717|1.67
09 13 34.46|-47.338|5.92
09 13 48.21|+43.218|5.30
09 14 08.21|-44.146|5.85
09 14 18.01|-55.570|5.26
09 14 20.55|+61.423|5.18
09 14 21.86|+2.314|3.89
09 14 24.49|-43.227|5.24
09 14 57.17|-37.602|5.85
09 15 13.85|+14.942|5.36
09 15 14.27|+34.634|5.98
09 15 36.72|-38.570|4.92
09 15 45.08|-37.413|4.63
09 15 49.80|+56.741|5.28
09 15 52.70|+72.946|5.93
09 16 11.31|+54.022|4.80
09 16 12.09|-57.541|4.34
09 16 23.04|-44.266|5.12
09 16 41.37|-8.745|5.49
09 16 41.74|-6.353|5.24
09 16 57.08|-39.402|5.31
09 17 05.42|-59.275|2.21
09 17 07.72|-14.574|5.83
09 17 17.34|-68.690|5.38
09 17 25.20|-74.894|5.28
09 17 27.62|-74.735|5.86
09 17 31.17|+46.817|5.96
09 18 05.88|-51.051|5.26
09 18 25.92|+35.364|5.94
09 18 42.36|-51.561|5.83
09 18 50.65|+36.803|3.82
09 19 33.13|-15.835|5.79
09 19 46.38|-11.975|4.77
09 20 29.02|-9.556|4.80
09 20 56.82|-62.405|4.79
09 21 03.33|+34.393|3.14
09 21 29.59|-25.965|4.71
09 21 43.29|+56.699|5.79
09 21 50.07|-55.515|5.61
09 21 50.98|-42.195|5.56
09 22 06.82|-55.011|2.47
09 22 23.99|-46.047|5.74
09 23 12.26|-28.834|4.71
09 24 05.49|-61.649|5.99
09 24 09.65|-80.787|5.34
09 24 39.26|+26.182|4.47
09 25 24.03|-5.117|5.60
09 25 27.31|-61.950|5.77
09 26 17.97|-53.379|5.09
09 27 06.44|-71.602|5.46
09 27 18.40|-22.344|4.72
09 27 35.24|-8.659|1.99
09 27 46.78|-6.071|5.38
09 28 27.40|+9.057|5.40
09 28 29.18|+8.188|5.72
09 28 30.58|-66.702|5.90
09 28 39.99|+45.601|5.40
09 28 47.15|-62.273|5.91
09 29 08.90|-2.769|4.59
09 29 12.64|-20.749|5.66
09 29 14.72|-35.951|4.51
09 29 54.51|-26.590|5.49
09 30 05.12|-51.517|5.45
09 30 22.49|-15.577|5.86
09 30 23.44|-58.362|5.88
09 30 42.03|-40.467|3.60
09 30 42.35|-40.466|4.65
09 30 43.22|+33.656|5.87
09 30 46.09|-31.889|5.75
09 31 13.34|-57.034|3.16
09 31 31.63|+63.062|3.65
09 31 32.16|-31.872|5.91
09 31 32.42|+35.103|5.39
09 31 33.02|-35.715|5.86
09 31 36.31|-73.081|5.46
09 31 43.23|+22.968|4.32
09 31 56.74|+11.300|4.99
09 31 57.58|+9.716|5.07
09 31 58.93|-1.185|4.54
09 32 19.28|-40.649|5.35
09 32 20.41|-19.400|5.74
09 32 51.77|+51.677|3.17
09 32 55.77|-13.517|5.95
09 33 12.46|-21.116|5.02
09 33 26.05|-22.864|5.92
09 33 44.55|-49.005|5.12
09 33 53.49|-80.941|5.07
09 34 08.80|-51.255|5.01
09 34 13.38|+36.398|4.54
09 34 26.66|-59.230|4.08
09 34 28.93|+69.830|4.54
09 34 32.65|-5.915|5.56
09 34 49.46|+52.051|4.47
09 34 53.43|+72.206|5.77
09 35 03.84|+39.621|4.81
09 35 39.60|+35.810|5.40
09 36 42.85|+31.162|5.57
09 36 49.58|-49.355|4.34
09 37 00.21|-25.297|5.68
09 37 02.58|+16.438|5.73
09 37 05.34|+81.326|4.28
09 37 09.89|-32.179|5.62
09 37 12.66|-53.669|5.44
09 37 12.67|+6.836|5.00
09 37 28.41|-36.096|5.96
09 38 01.45|-43.191|5.51
09 38 21.78|+40.240|5.28
09 38 27.29|+4.649|4.68
09 39 21.02|-61.328|4.51
09 39 27.90|+67.272|5.96
09 39 51.36|-1.143|3.90
09 40 18.36|-14.332|5.07
09 40 42.58|-57.984|5.30
09 41 02.15|-57.260|5.80
09 41 09.03|+9.892|3.52
09 41 17.01|-23.592|4.76
09 41 35.11|+31.278|5.90
09 41 47.93|-55.214|5.99
09 42 00.35|+39.758|5.61
09 42 14.44|-23.916|4.93
09 42 14.89|+69.238|5.72
09 42 57.22|+72.253|5.15
09 43 33.26|+29.974|5.64
09 43 42.26|-53.891|5.56
09 43 43.90|+14.022|5.36
09 44 11.77|-27.769|5.60
09 44 12.10|-27.769|4.78
09 45 14.82|-62.508|3.69
09 45 51.08|+23.774|2.97
09 46 10.05|+6.709|5.80
09 46 20.47|-76.776|5.43
09 46 23.33|+11.810|5.67
09 46 23.61|+1.786|5.65
09 46 30.37|-44.755|5.58
09 46 31.66|+57.128|5.09
09 47 06.13|-65.072|2.92
09 48 35.32|+46.021|5.08
09 49 28.10|-37.187|5.95
09 49 57.15|-45.733|5.09
09 50 41.95|-46.934|5.72
09 50 55.59|-62.745|5.56
09 50 59.52|+59.039|3.78
09 51 12.05|-59.426|5.79
09 51 19.73|-46.194|5.62
09 51 28.69|-14.847|4.11
09 51 40.67|-46.548|4.58
09 51 53.04|+24.395|5.29
09 52 06.36|+54.064|4.55
09 52 30.44|-8.105|5.07
09 52 45.83|+26.007|3.88
09 53 42.93|+5.959|5.90
09 53 50.10|-51.147|5.95
09 54 12.33|-25.932|4.87
09 54 17.66|-45.284|5.72
09 54 51.24|-50.244|5.71
09 54 52.21|-19.009|4.94
09 55 43.00|+49.820|5.27
09 56 25.98|+8.933|5.85
09 56 35.49|-33.418|5.83
09 56 51.75|-54.568|3.52
09 57 13.59|+57.418|5.97
09 57 41.08|+41.056|5.11
09 58 13.38|+12.445|5.26
09 58 22.87|+72.880|5.86
09 58 52.29|-35.891|5.23
09 59 36.22|+29.645|5.75
09 59 51.70|+56.812|5.50
10 00 12.81|+8.044|4.68
10 00 43.89|-82.215|5.53
10 01 00.71|+31.924|5.37
10 02 00.10|-60.421|5.93
10 02 48.95|+21.949|5.68
10 04 20.95|-24.286|5.70
10 04 36.33|+53.892|5.71
10 05 07.47|-13.065|4.60
10 06 11.21|-47.370|5.06
10 07 09.50|-17.142|5.59
10 07 19.95|+16.763|3.48
10 07 25.76|+35.245|4.49
10 07 54.27|+9.998|4.39
10 07 56.28|-0.372|4.48
10 08 22.32|+11.967|1.36
10 08 42.80|-65.815|5.26
10 08 56.25|-51.811|4.85
10 09 30.19|-68.683|5.80
10 10 05.89|-12.816|5.30
10 10 07.54|-8.408|5.91
10 10 35.28|-12.354|3.61
10 10 37.71|-41.715|5.98
10 10 55.86|-8.418|5.64
10 11 12.78|+37.402|5.86
10 11 46.46|-58.061|5.70
10 12 48.37|+4.615|5.77
10 13 22.86|-51.233|5.27
10 13 28.01|-51.756|5.78
10 13 30.66|-66.373|5.15
10 13 44.26|-70.038|3.29
10 13 45.94|-40.346|5.91
10 14 44.19|-42.122|3.85
10 15 31.56|-43.112|5.59
10 16 14.44|+29.311|5.49
10 16 32.30|+23.503|5.95
10 16 40.74|+13.728|5.42
10 16 41.42|+23.417|3.43
10 16 41.76|+25.371|5.84
10 17 04.99|-61.332|3.39
10 17 05.83|+42.914|3.45
10 17 14.56|+23.106|5.81
10 17 37.80|-8.069|5.25
10 18 02.10|+65.108|5.74
10 18 07.59|-28.992|5.52
10 18 28.25|-41.668|5.97
10 18 38.02|-56.110|5.80
10 19 05.10|-64.676|5.66
10 19 26.82|+48.397|6.00
10 19 36.76|-55.029|4.59
10 19 44.18|+19.471|4.78
10 19 58.34|+19.841|2.01
10 20 16.72|-47.699|5.66
10 20 54.81|-56.043|4.50
10 21 03.39|+68.748|5.88
10 22 10.59|+41.230|5.73
10 22 19.59|-41.650|4.82
10 22 19.76|+41.500|3.06
10 22 58.17|-66.901|4.97
10 23 06.33|+33.908|5.89
10 23 26.48|-4.074|5.93
10 23 29.32|-38.010|5.34
10 24 07.86|+65.566|4.94
10 24 08.60|+33.719|5.52
10 24 23.73|-74.032|3.99
10 24 59.46|-58.576|5.93
10 25 15.19|+8.785|5.61
10 25 44.27|-7.060|5.60
10 25 54.82|+33.796|4.72
10 26 05.43|-16.836|3.83
10 26 48.93|-54.877|5.58
10 27 09.11|-31.068|4.28
10 27 24.47|-57.639|4.65
10 27 25.35|-65.705|6.00
10 27 28.05|+41.601|6.00
10 27 52.74|-58.739|3.81
10 27 53.02|+36.707|4.20
10 28 52.59|-64.172|5.27
10 29 28.70|-2.739|5.19
10 29 28.98|-29.664|5.58
10 29 35.38|-30.607|5.57
10 29 42.13|+84.252|5.52
10 30 06.45|+38.925|5.79
10 30 17.48|-0.637|5.08
10 30 20.09|-71.993|4.72
10 30 37.66|+55.981|4.82
10 30 59.84|-13.588|5.59
10 31 02.07|-73.221|4.94
10 31 04.97|+82.559|5.25
10 31 21.99|-53.715|4.89
10 31 51.37|+32.380|5.90
10 31 57.44|-45.067|5.76
10 32 01.47|-61.685|3.30
10 32 11.77|+14.137|5.43
10 32 33.61|-44.619|5.91
10 32 47.81|-58.667|5.98
10 32 48.67|+9.307|3.84
10 32 56.87|-47.003|5.02
10 33 13.91|+40.426|4.72
10 33 30.91|+34.989|5.57
10 34 00.88|-23.745|5.08
10 34 48.01|+6.954|5.07
10 35 02.16|+8.650|5.67
10 35 05.56|+75.713|4.86
10 35 09.66|+57.083|5.16
10 35 12.86|-39.563|5.50
10 35 28.20|-78.608|4.11
10 35 35.30|-57.558|4.45
10 36 20.54|-59.564|5.08
10 36 32.38|-12.230|5.71
10 37 13.73|-27.413|4.87
10 37 18.18|-48.226|3.84
10 37 27.07|-58.733|5.47
10 37 33.27|-13.385|4.89
10 38 02.65|-57.256|5.89
10 38 34.95|-16.877|4.91
10 38 43.21|+31.976|4.68
10 38 45.00|-59.183|4.69
10 38 59.66|-58.817|5.96
10 39 05.69|+53.668|5.55
10 39 07.67|+37.910|5.84
10 39 18.40|-55.603|4.29
10 40 11.45|-65.100|5.51
10 41 48.29|+68.443|5.74
10 41 51.57|-79.783|5.97
10 41 56.69|+65.716|5.12
10 42 14.13|-64.466|4.76
10 42 40.57|-59.216|5.36
10 42 43.19|-32.716|5.63
10 42 57.42|-64.394|2.74
10 43 01.89|+26.326|5.51
10 43 04.04|+69.076|5.01
10 43 20.92|+4.748|5.77
10 43 24.96|+23.188|5.08
10 43 32.30|-60.567|4.58
10 43 32.96|+46.204|5.18
10 43 43.33|+57.199|5.79
10 43 51.20|-64.249|5.74
10 44 06.93|-63.961|4.80
10 45 04.02|+67.411|5.95
10 45 16.37|-80.470|5.46
10 45 47.11|-80.540|4.45
10 45 51.90|+30.682|5.36
10 46 16.57|-64.515|5.33
10 46 24.54|+18.892|5.50
10 46 25.28|+14.195|5.49
10 46 29.60|-64.263|5.23
10 46 46.16|-49.420|2.69
10 46 51.23|-64.383|4.87
10 46 52.06|-17.297|5.44
10 46 57.48|-56.757|5.14
10 48 05.41|-59.919|5.98
10 48 14.12|-31.688|5.87
10 48 40.56|-1.959|5.92
10 49 15.43|+10.545|5.32
10 49 24.45|-59.324|5.85
10 49 37.48|-16.194|3.11
10 49 43.49|-9.853|5.85
10 49 57.02|-34.058|5.61
10 50 18.06|-8.898|5.80
10 51 05.41|-3.093|5.95
10 51 11.04|+56.582|5.66
10 51 23.74|+59.320|5.57
10 52 30.85|-57.240|5.26
10 53 18.69|+34.215|3.79
10 53 29.53|-20.139|5.23
10 53 29.61|-58.853|3.78
10 53 31.15|+69.854|5.91
10 53 34.48|+54.585|5.12
10 53 42.11|-70.720|5.99
10 53 43.71|-2.129|5.45
10 53 58.73|+43.190|4.66
10 54 17.78|-13.758|5.65
10 54 29.60|-61.827|5.95
10 54 58.19|+34.035|5.73
10 55 17.24|-60.517|5.93
10 55 36.80|+24.750|4.30
10 55 42.40|+0.737|5.91
10 55 44.40|+33.507|5.02
10 56 01.47|+6.185|5.91
10 56 43.04|-37.138|4.60
10 57 07.86|-50.765|5.90
10 59 13.74|-33.738|5.70
10 59 28.03|+40.430|5.03
10 59 30.93|-16.354|5.88
10 59 32.78|+36.093|5.99
10 59 46.48|-18.299|4.08
10 59 59.39|-43.807|5.81
11 00 09.26|-42.226|4.37
11 00 11.69|-14.083|5.86
11 00 14.70|+45.526|5.47
11 00 33.65|+3.617|4.84
11 00 44.80|+6.101|4.98
11 00 50.43|+39.212|5.06
11 01 49.67|-2.485|4.73
11 01 50.44|+56.382|2.34
11 02 19.78|+20.180|4.42
11 03 14.88|-11.303|5.51
11 03 36.59|-0.001|5.95
11 03 43.76|+61.751|1.81
11 04 31.23|-47.679|5.67
11 04 54.20|-35.805|5.43
11 05 01.03|+7.336|4.62
11 05 19.92|-27.294|4.92
11 05 57.57|-27.288|5.69
11 06 32.45|-62.424|4.62
11 06 49.92|-70.878|5.58
11 06 54.21|+1.956|5.52
11 07 16.71|-42.639|5.15
11 08 34.00|-61.947|5.11
11 08 35.39|-58.975|3.93
11 08 44.01|-28.081|5.43
11 08 49.09|+24.658|5.70
11 09 19.09|+36.309|5.71
11 09 38.52|+43.208|5.89
11 09 39.82|+44.498|3.00
11 09 53.39|-32.368|5.79
11 11 39.49|-22.826|4.46
11 12 33.09|-49.101|5.37
11 12 36.02|-60.318|4.59
11 12 45.24|-64.170|5.22
11 13 14.69|-44.372|5.77
11 13 30.79|-59.619|5.74
11 13 39.40|-53.232|5.75
11 13 45.55|-0.070|5.40
11 14 01.83|+8.061|5.79
11 14 06.50|+20.524|2.56
11 14 14.41|+15.430|3.33
11 15 12.23|+23.096|4.56
11 15 51.90|+13.308|5.31
11 16 39.70|-3.652|4.45
11 16 41.88|+49.476|5.88
11 17 17.40|+2.011|5.18
11 18 11.22|+31.529|4.33
11 18 11.22|+31.529|4.80
11 18 28.74|+33.094|3.49
11 18 54.96|+1.650|5.90
11 19 07.91|+38.186|4.76
11 19 16.67|-64.582|5.99
11 19 20.45|-14.779|3.56
11 21 00.42|-54.491|3.90
11 21 08.19|+6.029|4.05
11 22 49.59|+43.483|4.99
11 23 08.15|-56.779|5.82
11 23 12.69|-36.165|5.00
11 23 21.42|-64.955|5.09
11 23 21.89|-18.780|5.08
11 23 55.45|+10.530|4.00
11 24 02.33|+1.408|5.39
11 24 11.16|-72.257|5.55
11 24 36.59|-10.859|4.81
11 24 52.93|-17.684|4.06
11 24 58.93|+11.430|5.80
11 25 29.47|-36.063|5.21
11 25 33.10|-37.748|5.87
11 25 36.38|+16.457|5.58
11 25 43.38|-63.972|5.18
11 25 57.14|+55.850|5.73
11 26 35.43|-61.115|5.22
11 26 47.28|-53.160|5.80
11 27 09.52|-12.357|5.93
11 27 56.24|+2.856|4.95
11 28 35.09|-42.674|5.14
11 29 04.13|+39.337|5.30
11 29 04.64|+61.778|5.83
11 29 38.62|-24.464|5.77
11 29 41.85|+15.413|5.74
11 30 18.89|-3.004|4.77
11 30 29.03|+18.410|5.54
11 30 31.14|+43.173|5.94
11 31 24.27|+69.331|3.82
11 31 46.07|-59.442|5.07
11 31 48.80|-59.516|5.12
11 32 16.40|-29.261|4.93
11 32 20.00|-66.962|5.89
11 32 20.75|+61.083|5.46
11 32 47.54|-7.828|5.94
11 32 48.09|-40.436|5.64
11 32 54.13|-31.087|5.13
11 33 00.14|-31.858|3.54
11 33 37.21|-40.587|5.39
11 34 21.95|+3.060|5.76
11 34 29.56|-32.831|5.96
11 34 42.49|+16.797|5.95
11 34 45.68|-54.264|4.62
11 34 56.90|-49.136|5.50
11 35 04.90|+54.785|5.63
11 35 13.31|-47.373|5.64
11 35 46.91|-63.020|3.11
11 35 55.58|-47.642|5.26
11 36 02.68|+69.323|5.19
11 36 17.95|+27.781|5.80
11 36 22.37|-61.052|5.84
11 36 34.94|-33.570|5.71
11 36 40.91|-9.802|4.70
11 36 56.93|-0.824|4.30
11 37 00.67|-61.283|5.14
11 37 15.87|-75.897|5.64
11 37 34.01|-47.747|5.46
11 37 48.46|-67.620|5.94
11 38 07.34|-61.827|5.15
11 38 20.60|+43.625|5.56
11 38 27.61|+8.134|5.24
11 38 40.02|-13.202|5.48
11 39 29.62|-65.398|5.01
11 40 12.80|-34.745|4.70
11 40 42.48|-53.969|5.95
11 40 47.07|+21.353|5.26
11 40 53.64|-62.090|4.93
11 41 03.02|+34.202|5.31
11 41 19.81|-43.096|5.54
11 41 34.30|+31.746|5.73
11 41 43.95|-32.499|5.20
11 42 28.40|+66.745|5.32
11 43 27.19|-37.190|5.98
11 43 31.20|-62.489|5.00
11 44 45.78|-18.351|4.71
11 45 17.04|+8.258|4.84
11 45 36.51|-66.729|3.63
11 45 43.98|-45.690|5.28
11 45 51.56|+6.529|4.04
11 46 03.05|+47.779|3.69
11 46 30.84|-61.178|4.11
11 46 31.35|-40.500|4.89
11 46 55.62|+55.628|5.27
11 47 19.15|-57.696|5.42
11 47 54.90|+8.246|5.31
11 47 59.14|+20.219|4.50
11 48 14.51|-66.815|4.75
11 48 38.71|+14.284|5.90
11 48 45.09|-26.750|5.10
11 49 03.59|+14.572|2.14
11 49 41.08|-63.788|4.30
11 49 41.73|+34.932|5.73
11 49 56.62|-70.226|4.98
11 50 27.28|-62.649|5.68
11 50 41.72|+1.765|3.59
11 51 02.23|-5.333|5.62
11 51 08.71|-45.173|4.47
11 51 41.61|-30.835|5.85
11 51 51.25|-65.206|4.89
11 52 10.33|-56.988|5.56
11 52 54.53|-33.908|4.29
11 53 49.80|+53.695|2.41
11 54 42.54|-25.714|5.26
11 55 00.02|-63.279|5.89
11 55 03.13|+8.444|5.58
11 55 40.13|-28.477|5.93
11 55 40.53|+15.647|5.53
11 55 58.41|+56.599|5.83
11 56 00.96|-17.151|5.17
11 57 40.02|-62.449|5.59
11 58 15.23|-56.317|5.44
11 58 47.67|-64.340|5.59
11 59 17.54|+33.167|5.95
11 59 37.67|-78.222|4.88
11 59 56.91|+3.655|5.36
12 00 44.45|-10.446|5.54
12 00 51.16|-19.659|5.28
12 00 52.39|+6.614|4.65
12 01 39.49|+36.042|5.59
12 02 06.86|+43.046|5.22
12 02 37.73|-69.192|5.89
12 03 01.61|-63.313|4.32
12 03 39.50|-42.434|5.15
12 04 16.60|+21.459|5.89
12 04 19.23|-63.166|4.72
12 04 38.92|-68.329|5.34
12 04 46.62|-76.519|5.04
12 04 57.23|-60.968|5.95
12 05 12.54|+8.733|4.12
12 05 14.82|+76.906|5.78
12 06 23.05|-65.709|5.95
12 06 52.87|-64.614|4.14
12 07 50.03|-75.367|5.17
12 08 05.24|-50.661|4.46
12 08 14.72|-48.692|5.34
12 08 21.52|-50.722|2.58
12 08 24.81|-24.729|4.02
12 08 53.81|-44.326|5.75
12 08 54.59|-41.232|5.51
12 09 41.31|+1.898|5.95
12 10 03.42|+5.807|5.72
12 10 07.49|-22.620|3.02
12 11 00.07|+81.710|6.00
12 11 03.84|-23.602|5.45
12 11 39.13|-52.368|3.97
12 11 51.18|+25.870|5.66
12 12 09.29|+20.542|5.60
12 12 11.92|+77.616|5.14
12 12 21.98|-62.951|5.91
12 13 25.04|-38.929|5.77
12 13 25.94|+10.262|5.85
12 14 02.71|-45.724|5.31
12 14 59.58|-20.844|5.82
12 15 08.52|+70.200|5.72
12 15 08.74|-58.749|2.79
12 15 25.51|+57.033|3.32
12 15 48.37|-17.542|2.58
12 16 00.19|+14.899|5.09
12 16 07.55|+40.660|5.69
12 16 20.54|+23.945|4.93
12 16 30.14|+33.062|4.99
12 17 29.58|+53.191|5.80
12 17 30.58|+28.937|5.71
12 17 34.50|-67.961|4.06
12 18 20.92|-79.312|4.24
12 18 26.27|-64.003|4.06
12 18 40.32|-0.787|5.90
12 18 50.04|+75.161|5.47
12 18 59.79|-55.143|5.01
12 19 48.72|+48.984|5.28
12 19 54.36|-0.667|3.89
12 20 10.77|-22.176|5.94
12 20 19.68|+26.619|5.52
12 20 20.98|+3.313|4.97
12 20 33.65|-22.216|5.20
12 20 43.03|+17.793|4.72
12 20 50.86|+57.864|5.54
12 20 55.71|-13.566|5.14
12 21 21.71|-60.401|3.59
12 21 57.43|-56.374|5.91
12 22 07.37|-67.522|5.15
12 22 12.03|-68.307|5.73
12 22 30.31|+25.846|4.78
12 22 49.45|-57.676|5.38
12 23 21.59|-24.841|5.66
12 23 35.43|-35.413|5.32
12 23 44.75|-38.911|5.79
12 24 01.49|+51.562|4.76
12 24 18.53|+26.099|5.17
12 25 03.22|+56.778|5.82
12 25 11.77|-11.611|5.95
12 25 21.74|-35.186|5.71
12 25 50.95|+39.019|5.01
12 26 24.06|+27.268|4.92
12 26 31.77|-51.451|4.82
12 26 35.92|-63.099|0.77
12 26 51.69|-32.830|5.56
12 26 56.28|+28.268|4.35
12 26 59.30|+26.826|4.98
12 27 28.87|-58.992|5.38
12 27 35.11|+55.713|5.68
12 28 02.39|-50.231|3.91
12 28 22.47|-39.041|5.45
12 28 54.71|+25.913|5.29
12 29 27.04|+24.109|5.47
12 29 43.24|+20.896|5.68
12 29 51.86|-16.515|2.94
12 29 54.20|-56.525|5.78
12 29 57.36|+58.406|5.37
12 29 57.89|-41.736|6.00
12 30 06.72|+69.201|5.01
12 30 17.45|-23.696|5.63
12 31 00.56|+24.567|5.47
12 31 09.94|-57.113|1.59
12 31 40.34|-59.424|5.49
12 31 56.14|-63.506|5.96
12 32 04.24|-16.196|4.30
12 32 09.92|-73.001|5.88
12 32 28.08|-72.133|3.84
12 32 36.00|-13.859|5.74
12 33 29.01|+69.788|3.85
12 33 34.26|-12.830|5.58
12 33 38.92|+33.248|5.42
12 33 44.68|+41.357|4.24
12 33 46.75|-9.452|5.48
12 34 23.24|-23.397|2.65
12 34 42.41|-44.673|5.76
12 34 44.05|+70.022|4.95
12 34 51.09|+22.629|4.80
12 35 07.76|+18.377|5.03
12 35 08.17|+21.881|5.86
12 35 45.55|-41.022|5.12
12 36 01.04|-39.870|5.78
12 36 47.35|-5.832|5.88
12 36 58.33|+17.090|5.70
12 37 11.06|-69.136|2.69
12 37 42.22|-48.541|3.85
12 37 42.27|-27.139|5.41
12 38 22.41|+1.855|5.68
12 38 44.61|-18.250|6.00
12 39 03.46|-30.422|5.86
12 39 07.31|+21.063|5.49
12 39 14.77|-7.996|4.66
12 39 52.54|-39.987|4.63
12 41 15.95|-13.014|5.17
12 41 23.00|-46.146|5.84
12 41 31.10|-48.960|2.20
12 41 39.02|-1.449|3.52
12 41 39.64|-1.449|2.74
12 41 53.06|+10.236|4.88
12 41 56.58|-59.686|4.91
12 41 57.12|+6.807|5.57
12 42 35.49|-48.813|4.66
12 42 50.27|-63.059|5.27
12 43 09.20|-56.176|5.99
12 43 38.05|-1.577|5.91
12 44 00.53|-28.324|5.46
12 44 59.47|+39.279|5.95
12 45 07.83|+45.440|5.42
12 45 37.06|+7.673|5.22
12 45 37.98|-60.981|4.69
12 46 16.85|-68.108|3.04
12 46 22.54|+9.540|5.65
12 46 22.73|-56.489|4.62
12 46 38.76|+16.578|5.12
12 46 46.23|-33.315|5.87
12 47 18.94|+62.781|5.88
12 47 34.34|+66.790|5.43
12 47 43.29|-59.689|1.25
12 48 26.27|-27.597|5.65
12 48 39.40|+60.320|5.83
12 48 54.21|+14.123|5.71
12 49 06.78|+83.418|5.92
12 49 13.79|+83.413|5.38
12 49 17.46|+27.552|5.76
12 49 44.95|-71.986|5.55
12 50 10.76|+37.517|5.87
12 50 41.17|-33.999|4.90
12 50 57.89|-52.787|5.70
12 51 17.98|-60.330|5.71
12 51 41.92|+27.541|4.93
12 51 56.93|-39.680|5.99
12 53 04.21|-54.952|5.91
12 53 06.93|-48.943|4.33
12 53 17.75|+21.245|4.89
12 53 21.90|-60.328|5.75
12 53 26.19|-40.179|4.25
12 53 48.92|-60.376|5.89
12 54 01.70|+55.960|1.76
12 54 18.66|-11.649|6.00
12 54 21.16|-9.539|4.77
12 54 35.64|-57.178|4.03
12 54 36.90|-57.169|5.08
12 54 39.20|-59.147|4.62
12 54 56.53|+47.197|5.75
12 54 58.39|-85.123|5.45
12 54 58.57|-44.152|5.89
12 55 19.44|-42.916|5.46
12 55 28.55|+65.438|5.23
12 55 36.21|+3.397|3.39
12 55 57.14|-56.836|5.34
12 56 00.48|+38.315|5.61
12 56 01.71|+38.318|2.89
12 56 17.60|+54.099|5.84
12 56 31.71|-72.185|5.93
12 57 04.36|-51.199|5.17
12 58 47.31|+75.473|6.00
12 58 55.44|+17.409|4.76
12 59 39.52|-3.812|5.79
12 59 55.19|+66.597|5.37
13 00 16.47|+30.785|4.88
13 00 35.95|-3.368|5.99
13 00 43.65|+56.366|4.93
13 01 09.61|+17.123|5.97
13 02 10.60|+10.959|2.85
13 02 15.93|-71.549|3.61
13 03 05.35|-71.476|5.93
13 03 33.32|-49.527|4.83
13 03 46.11|-20.583|5.58
13 05 44.44|+35.799|5.20
13 05 52.27|+45.269|5.64
13 06 16.71|-48.463|4.71
13 06 21.24|+21.153|6.00
13 06 22.60|+22.616|5.53
13 06 35.07|-41.588|5.59
13 06 54.25|-35.862|5.63
13 06 54.65|-49.906|4.27
13 07 10.73|+27.625|4.80
13 07 24.30|-59.861|5.98
13 07 38.30|-53.460|5.70
13 07 53.81|-10.740|5.15
13 08 07.16|-65.306|5.44
13 08 32.47|-8.984|5.57
13 09 03.27|-23.118|4.94
13 09 12.43|+10.022|5.79
13 09 45.28|-10.329|5.95
13 09 47.85|+16.849|5.91
13 09 56.99|-5.539|4.38
13 09 59.00|+17.529|5.17
13 09 59.29|+17.529|4.32
13 10 03.23|+38.499|5.91
13 11 08.90|-42.233|5.78
13 11 23.24|-43.369|5.24
13 11 51.40|-69.942|5.92
13 11 52.45|+27.878|4.23
13 12 03.24|-37.803|4.85
13 12 03.54|-16.199|5.04
13 12 17.61|-59.921|4.58
13 12 32.92|+11.556|5.76
13 12 48.78|-66.227|5.91
13 13 23.36|-50.700|5.90
13 13 42.95|+40.153|4.94
13 14 10.90|-19.931|5.31
13 14 12.12|-58.684|5.91
13 14 15.28|-59.103|4.90
13 14 17.35|-78.447|5.84
13 14 31.28|+11.332|5.64
13 14 43.30|-48.957|5.84
13 15 14.98|-67.895|4.79
13 15 31.98|+40.855|5.77
13 15 58.76|-19.943|5.21
13 16 46.52|+9.424|5.19
13 16 53.13|-31.506|5.10
13 17 13.03|-66.783|4.86
13 17 13.92|-43.979|5.82
13 17 15.63|+13.676|5.33
13 17 32.56|+40.573|4.72
13 17 36.28|+5.470|4.78
13 18 14.52|+49.682|5.14
13 18 24.35|-18.311|4.74
13 18 27.72|+34.098|5.81
13 18 55.29|-23.172|2.99
13 20 18.96|+40.151|5.60
13 20 35.87|-36.712|2.75
13 20 37.83|-52.748|5.47
13 20 48.34|-55.801|6.00
13 20 57.72|-46.880|5.76
13 21 41.64|+2.087|5.69
13 22 09.69|+5.155|5.89
13 22 16.29|-52.183|5.81
13 22 37.96|-60.988|4.52
13 23 01.11|-17.735|5.36
13 23 18.90|-4.924|5.88
13 23 55.49|+54.925|2.23
13 23 56.39|+54.920|3.95
13 24 00.46|-64.536|4.52
13 24 33.23|-5.164|5.76
13 25 06.68|+23.854|5.75
13 25 07.30|-74.888|5.04
13 25 11.58|-11.161|0.98
13 25 13.49|+54.988|3.99
13 25 14.04|-64.485|5.32
13 25 50.37|-70.627|5.65
13 26 07.74|-39.755|5.11
13 26 08.04|+72.391|5.82
13 26 11.41|-1.192|5.97
13 26 16.59|+46.028|5.88
13 26 43.17|-12.708|5.27
13 26 56.12|-41.498|5.69
13 26 57.14|+78.644|5.74
13 27 27.17|-15.974|4.76
13 28 25.81|+13.779|4.97
13 28 27.13|+59.946|5.40
13 29 13.00|+10.818|5.65
13 29 25.25|-51.165|5.04
13 31 02.66|-39.407|3.90
13 31 57.89|-6.256|4.68
13 32 35.91|-28.693|5.69
13 32 51.64|-15.363|5.52
13 32 58.07|-10.165|5.21
13 34 07.31|+55.348|5.60
13 34 07.93|+3.659|4.92
13 34 27.30|+49.016|4.68
13 34 40.45|-13.214|5.92
13 34 41.59|-0.596|3.38
13 34 47.79|+37.182|4.91
13 35 31.30|-5.396|5.70
13 36 48.46|-26.495|5.73
13 36 59.08|+24.613|5.72
13 37 06.02|-44.143|5.96
13 37 11.03|+71.242|5.50
13 37 12.29|-61.692|5.63
13 37 23.48|-46.428|5.91
13 37 27.64|+36.295|4.82
13 38 42.08|-29.561|5.81
13 38 48.96|-57.623|6.00
13 39 30.50|+52.921|5.46
13 39 34.62|+10.746|5.57
13 39 48.56|-40.052|5.61
13 39 53.27|-53.466|2.29
13 39 59.84|-49.950|5.74
13 40 10.76|-64.577|5.79
13 40 40.47|+19.956|5.73
13 40 44.28|+54.682|4.63
13 40 56.13|-85.786|5.56
13 41 02.35|+22.496|5.63
13 41 29.85|+64.822|5.85
13 41 36.78|-8.703|5.03
13 41 44.79|-54.559|4.99
13 42 01.11|-58.787|5.38
13 42 22.96|+82.752|5.92
13 42 39.35|+78.064|5.91
13 42 43.43|+34.989|5.98
13 42 55.03|-41.401|5.96
13 42 56.11|-56.768|6.00
13 43 03.71|+3.538|5.35
13 43 40.09|-42.068|5.96
13 44 29.82|-16.179|5.55
13 45 36.90|-26.116|5.81
13 45 41.30|-33.044|4.23
13 45 56.32|-12.427|5.50
13 46 13.57|+41.089|5.88
13 46 19.07|+38.504|5.92
13 46 35.66|+54.433|5.68
13 46 39.37|-51.433|4.64
13 46 43.32|+25.702|5.97
13 46 56.35|-36.252|5.15
13 46 59.80|+38.543|5.51
13 47 15.76|+17.457|4.50
13 47 25.39|-17.860|5.41
13 47 27.62|-50.249|5.92
13 47 32.47|+49.313|1.85
13 47 38.59|-50.321|5.46
13 48 38.74|+31.190|5.61
13 49 26.73|-34.451|4.19
13 49 28.64|+15.798|4.05
13 49 30.28|-41.688|3.41
13 49 36.99|-42.474|3.47
13 49 42.83|+21.264|4.92
13 49 45.47|+61.489|5.97
13 49 52.29|-18.134|4.96
13 50 24.68|+5.497|6.00
13 51 09.22|+34.664|5.89
13 51 25.94|+64.723|4.58
13 51 47.22|-46.899|5.77
13 51 47.43|-69.401|5.73
13 51 47.48|+34.444|4.76
13 51 49.60|-32.994|4.32
13 52 04.88|-52.812|5.26
13 53 10.29|+28.648|5.91
13 53 12.54|-31.928|4.75
13 53 12.93|+17.933|5.71
13 53 32.77|-35.664|5.53
13 53 43.10|-53.373|5.87
13 53 51.03|+53.729|5.70
13 53 57.24|-47.128|5.83
13 54 41.08|+18.398|2.68
13 54 42.15|-1.503|5.16
13 54 49.13|-67.652|5.74
13 55 12.15|-52.161|5.66
13 55 32.40|-47.288|2.55
13 55 38.97|-82.666|5.95
13 56 19.81|-46.593|5.82
13 56 27.88|+1.051|5.90
13 56 32.96|-54.705|6.00
13 56 34.18|+27.492|5.02
13 57 38.91|-63.687|4.71
13 58 16.27|-42.101|3.83
13 58 31.15|-24.972|5.20
13 58 38.92|+21.696|5.76
13 58 40.75|-44.804|3.87
13 59 17.47|-50.370|5.92
14 00 00.13|-25.010|5.77
14 00 52.55|-66.269|5.96
14 01 20.43|+8.895|5.98
14 01 38.79|+1.545|4.23
14 01 43.49|-45.603|4.34
14 02 22.78|-27.430|5.47
14 03 26.54|-56.213|5.93
14 03 49.42|-60.373|0.61
14 04 23.39|+64.376|3.67
14 05 20.05|-76.797|5.69
14 06 02.77|-41.180|4.36
14 06 22.29|-26.682|3.25
14 06 41.02|-36.370|2.06
14 06 42.83|-9.314|5.46
14 07 55.75|+43.854|5.13
14 08 17.32|+49.458|5.26
14 08 50.99|+77.548|4.80
14 09 35.04|-51.505|5.96
14 09 54.87|-53.439|4.74
14 10 23.93|+25.092|4.82
14 10 50.48|-16.302|4.93
14 12 04.04|+69.433|5.18
14 12 15.80|+2.409|4.99
14 12 46.03|-27.261|5.07
14 12 53.74|-10.274|4.18
14 13 16.41|-53.666|5.53
14 13 28.98|+51.790|4.53
14 13 40.79|-0.845|5.89
14 14 05.18|+12.959|5.53
14 14 42.69|-41.837|5.61
14 14 50.85|+10.101|5.29
14 14 57.15|-57.086|5.03
14 15 24.09|-18.201|5.53
14 15 39.71|+19.182|-0.05
14 16 00.87|-6.001|4.07
14 16 04.20|+18.912|5.98
14 16 09.98|+51.367|4.75
14 16 23.07|+46.088|4.18
14 16 38.72|-66.588|5.72
14 17 28.45|+15.263|5.84
14 17 59.82|+35.510|4.80
14 18 13.96|-81.008|4.89
14 18 38.26|-18.716|5.86
14 19 00.92|-25.815|5.87
14 19 06.59|-13.371|4.52
14 19 16.28|+13.004|5.41
14 19 23.89|-37.003|5.93
14 19 24.23|-46.058|3.55
14 19 32.48|-2.266|5.14
14 19 45.24|+16.307|4.84
14 19 51.61|-61.273|5.22
14 20 09.70|-43.059|5.55
14 20 19.55|-56.386|4.30
14 20 33.44|-37.885|4.05
14 20 42.57|-45.187|4.78
14 22 19.72|-34.787|5.57
14 22 23.19|-80.109|5.06
14 22 37.10|-58.459|4.76
14 23 02.24|-39.512|4.41
14 23 05.79|-27.754|4.78
14 23 22.70|+8.447|4.86
14 23 48.60|-53.176|5.99
14 24 00.87|+8.244|5.94
14 24 11.34|+5.820|5.10
14 24 48.63|-24.806|5.34
14 25 06.33|-68.195|5.56
14 25 11.88|+51.851|4.04
14 26 08.23|-45.221|4.56
14 26 10.81|-45.379|4.33
14 26 27.37|+19.227|5.40
14 26 55.68|-83.668|4.31
14 27 07.10|-65.822|5.87
14 27 12.21|-46.134|5.83
14 27 31.53|+75.696|4.25
14 28 10.43|-29.492|4.97
14 28 12.14|-2.228|4.81
14 28 37.91|+49.845|5.58
14 28 41.72|-6.901|5.42
14 29 50.52|+0.829|5.96
14 30 08.64|-45.321|5.51
14 30 20.96|-49.519|5.38
14 31 10.84|-38.870|5.99
14 31 16.41|-67.717|5.84
14 31 49.80|+30.371|3.57
14 32 04.69|+38.308|3.04
14 32 20.23|+26.677|6.00
14 32 30.93|+55.398|5.74
14 32 32.55|+22.260|5.91
14 32 37.06|-50.457|4.44
14 33 29.97|-52.680|5.86
14 33 32.41|-54.999|5.86
14 34 39.63|+49.368|5.74
14 34 40.80|+29.745|4.47
14 35 30.43|-42.158|2.33
14 35 31.48|-41.517|5.88
14 36 19.04|-46.245|5.55
14 36 44.14|-40.212|5.74
14 37 20.16|-46.133|5.39
14 37 53.23|-49.426|4.05
14 38 12.61|+43.642|5.74
14 38 13.99|+18.298|5.90
14 38 15.22|+54.023|5.83
14 38 50.24|+44.404|5.39
14 39 37.25|-60.838|1.35
14 39 38.75|-60.834|-0.01
14 40 42.39|+13.534|5.93
14 40 43.56|+16.418|4.49
14 41 01.40|-36.135|5.67
14 41 08.95|+13.728|3.78
14 41 38.75|+8.162|4.86
14 41 43.52|+11.661|5.55
14 41 55.76|-47.388|2.30
14 41 57.60|-37.793|4.01
14 42 30.57|-64.975|3.18
14 43 03.62|-5.658|3.87
14 43 13.55|-24.998|5.70
14 43 25.36|+26.528|4.80
14 43 39.45|-35.174|4.06
14 43 44.44|+40.459|5.72
14 44 59.20|-35.192|4.92
14 44 59.22|+27.074|2.35
14 45 14.46|+16.964|4.60
14 45 17.29|-62.876|5.36
14 45 30.20|+0.717|5.68
14 46 00.09|-25.443|5.15
14 46 05.95|+15.132|5.78
14 46 06.77|-23.153|5.80
14 46 14.92|+1.893|3.73
14 46 29.01|-47.441|5.74
14 47 01.30|-52.384|5.22
14 47 05.09|-38.291|5.90
14 47 22.56|-25.624|5.61
14 47 44.80|-26.087|5.23
14 47 51.72|-79.045|3.83
14 47 57.56|-26.646|5.76
14 48 38.05|-36.635|5.89
14 48 44.56|-66.594|5.91
14 49 18.67|+46.116|5.76
14 49 18.75|-24.251|5.68
14 49 19.05|-14.149|5.32
14 49 41.31|+48.721|5.68
14 49 58.40|+28.616|5.80
14 50 15.80|+23.912|5.86
14 50 17.33|-27.960|4.42
14 50 19.73|+82.512|5.63
14 50 29.68|+37.272|5.47
14 50 41.18|-15.997|5.15
14 50 42.38|+74.156|2.07
14 50 52.72|-16.042|2.75
14 51 01.07|-2.299|4.93
14 51 23.37|+19.100|4.54
14 51 26.50|+59.294|5.48
14 51 38.31|-43.575|4.32
14 52 35.26|-63.810|5.91
14 52 51.08|-37.803|5.02
14 53 13.55|-73.190|5.59
14 53 23.78|+19.153|6.00
14 54 20.13|-24.642|5.27
14 54 22.87|-11.898|5.78
14 54 37.92|-33.301|5.85
14 55 34.63|-60.114|5.18
14 55 44.71|-33.856|5.32
14 56 13.23|+14.446|5.90
14 56 17.24|-52.810|5.38
14 56 23.01|+49.628|5.63
14 56 32.06|-47.879|5.62
14 56 43.99|-62.781|5.08
14 56 46.11|-11.410|5.48
14 57 11.00|-4.346|4.47
14 57 11.68|+16.388|5.72
14 57 27.95|-21.415|5.72
14 57 33.25|-0.168|5.51
14 57 35.07|+65.932|4.63
14 57 53.12|-76.663|5.37
14 58 31.93|-43.134|2.68
14 58 39.26|-27.657|5.65
14 58 53.58|-11.144|5.88
14 59 09.69|-42.104|3.13
14 59 23.11|+4.568|5.91
14 59 36.95|+39.265|5.64
15 00 11.33|-77.161|5.92
15 00 58.35|-8.519|4.91
15 01 13.09|-38.058|5.88
15 01 19.83|-2.755|5.52
15 01 27.10|+60.204|5.91
15 01 48.92|-0.140|5.71
15 01 50.71|-83.228|5.65
15 01 56.77|+40.391|3.49
15 02 06.43|-28.061|5.83
15 02 06.51|+25.008|4.80
15 02 54.04|+2.091|4.39
15 02 59.28|-32.643|5.45
15 03 06.06|+35.206|5.52
15 03 47.43|+47.654|4.83
15 03 47.68|+47.654|5.96
15 04 04.22|-25.282|3.25
15 04 26.75|+26.948|4.52
15 04 46.96|-83.038|5.65
15 04 48.11|-64.031|5.16
15 05 07.09|-47.051|3.91
15 05 19.16|-41.067|5.13
15 05 25.85|+48.151|5.59
15 06 16.70|+54.556|5.24
15 06 33.20|-30.918|5.97
15 06 37.60|-16.257|5.19
15 07 18.06|+24.869|4.93
15 07 25.95|-49.089|5.77
15 08 12.13|-40.584|5.75
15 08 23.78|+26.301|5.67
15 08 35.56|+25.109|5.82
15 08 39.20|-42.868|5.85
15 08 50.62|-45.280|4.07
15 09 29.92|-67.084|5.76
15 10 07.33|-38.793|5.98
15 10 18.63|-26.333|5.75
15 11 08.80|-84.788|5.88
15 11 15.98|-55.346|5.45
15 11 56.10|-48.738|3.88
15 11 57.71|-48.744|5.70
15 12 04.26|+18.976|5.90
15 12 13.29|-19.792|4.54
15 12 17.14|-52.099|3.41
15 12 49.59|-44.500|4.83
15 13 53.31|-26.194|5.84
15 14 06.04|+31.788|5.98
15 14 19.17|-70.079|5.75
15 14 29.17|+29.164|5.28
15 14 37.32|-31.519|4.91
15 14 38.13|+67.347|5.15
15 15 11.35|+4.939|5.32
15 15 30.15|+33.315|3.46
15 15 49.08|+0.372|5.62
15 15 53.67|-48.074|5.96
15 16 04.03|-41.491|5.15
15 16 23.01|-22.399|5.52
15 16 36.69|-60.904|5.74
15 16 56.90|-60.957|5.04
15 17 00.42|-9.383|2.61
15 17 05.88|+71.824|5.02
15 17 30.90|-58.801|4.07
15 17 38.89|-63.610|4.85
15 17 49.84|-30.149|4.35
15 18 24.51|+20.573|5.68
15 18 26.13|-0.461|5.88
15 18 32.03|-47.875|4.27
15 18 49.14|-60.496|5.43
15 18 54.65|-68.680|2.87
15 18 56.38|-40.788|5.59
15 19 18.80|+1.765|5.04
15 20 05.15|+51.959|5.65
15 20 08.57|+29.616|5.51
15 20 43.74|+71.834|3.00
15 21 01.99|+0.715|5.35
15 21 07.61|-5.825|5.54
15 21 22.32|-40.648|3.22
15 21 48.38|-36.261|3.57
15 21 48.58|+32.934|5.38
15 21 48.63|-48.318|5.65
15 22 08.31|-47.928|4.99
15 22 37.25|+62.047|5.99
15 22 37.37|+39.581|5.56
15 22 38.43|+63.341|5.72
15 22 40.88|-44.690|3.37
15 23 09.35|-36.858|4.54
15 23 10.55|-60.657|5.65
15 23 11.87|+30.286|5.96
15 23 12.30|+30.288|4.99
15 23 22.65|-59.321|4.48
15 23 52.24|-12.370|5.72
15 24 11.89|-10.322|4.92
15 24 29.45|+37.377|4.31
15 24 45.01|-39.710|5.36
15 24 55.78|+58.966|3.29
15 25 20.23|-38.734|4.60
15 25 47.40|+15.428|5.16
15 26 14.60|-68.309|5.89
15 26 17.40|+34.336|5.46
15 27 18.13|-36.768|5.46
15 27 33.09|-64.532|5.71
15 27 49.74|+29.106|3.66
15 27 51.43|+60.670|5.90
15 28 15.41|-16.716|5.64
15 28 38.24|+1.842|5.15
15 29 24.27|-46.733|5.26
15 30 40.40|-16.609|5.82
15 30 55.76|+40.833|5.04
15 30 55.85|+64.209|5.74
15 31 25.03|+77.349|5.00
15 31 30.82|-73.390|5.40
15 31 46.98|+40.899|4.98
15 32 36.70|-19.670|5.50
15 32 55.22|-16.853|5.53
15 32 55.78|+31.359|4.14
15 32 57.94|-1.186|5.50
15 34 01.71|-40.066|5.82
15 34 10.70|-10.065|4.61
15 34 26.52|-9.183|5.16
15 34 37.32|-28.047|5.13
15 34 41.26|+26.715|2.22
15 34 48.15|+10.539|3.80
15 35 08.45|-41.167|2.80
15 35 14.91|+39.010|5.14
15 35 16.21|+53.922|5.97
15 35 31.58|-14.790|3.91
15 35 53.25|-44.958|4.55
15 35 57.06|+54.631|5.77
15 36 12.11|-44.397|5.44
15 36 29.24|+16.119|5.93
15 36 29.58|+10.010|5.26
15 36 43.20|-66.317|4.11
15 37 01.45|-28.135|3.60
15 37 32.02|+54.509|5.85
15 37 39.18|+69.283|5.65
15 37 48.04|-23.142|5.79
15 37 49.59|+40.353|5.25
15 38 03.24|-42.567|4.34
15 38 16.20|+46.798|5.76
15 38 16.28|-21.016|5.82
15 38 34.20|+50.423|5.84
15 38 39.37|-29.778|3.66
15 38 49.48|-52.373|5.43
15 38 54.56|-19.302|5.36
15 39 22.68|+36.636|4.64
15 39 45.98|-34.412|4.66
15 39 56.61|-59.908|5.95
15 40 16.90|-23.818|4.97
15 40 21.35|-73.447|5.64
15 40 59.10|+16.025|6.00
15 41 11.42|-44.661|4.64
15 41 33.06|+19.670|4.51
15 41 47.41|+12.848|5.34
15 41 54.70|-76.082|5.95
15 41 54.72|+18.464|5.80
15 41 56.80|-19.679|4.75
15 42 38.32|-37.425|5.23
15 42 41.02|-34.710|4.75
15 42 44.57|+26.296|3.81
15 42 50.79|+52.361|5.48
15 43 16.18|-84.465|5.57
15 43 59.30|+32.516|5.57
15 44 01.82|+2.515|5.86
15 44 03.48|+77.794|4.29
15 44 04.40|-15.673|5.41
15 44 16.07|+6.426|2.63
15 44 22.68|-41.819|5.93
15 45 23.48|+5.447|5.57
15 46 05.64|-1.804|5.39
15 46 11.25|+15.422|3.65
15 46 26.62|+7.353|4.42
15 46 34.81|+55.475|5.94
15 46 39.98|+62.600|5.19
15 46 44.22|-34.682|5.61
15 47 17.32|+14.115|5.71
15 47 37.92|+55.377|5.85
15 47 53.08|-65.442|5.54
15 48 13.31|+13.789|5.98
15 48 34.42|+28.157|5.89
15 48 44.38|+18.142|4.09
15 48 56.80|-3.819|5.53
15 49 35.65|+26.068|4.59
15 49 37.21|-3.430|3.54
15 49 57.50|-48.912|5.86
15 50 07.09|-53.210|5.78
15 50 17.55|+2.197|5.21
15 50 48.97|+4.478|3.71
15 50 57.54|-33.627|3.97
15 50 58.75|-25.751|4.63
15 51 06.81|-55.056|5.74
15 51 13.93|+35.657|4.79
15 51 15.59|-3.090|5.09
15 51 15.91|+20.978|4.74
15 51 31.45|-47.061|6.00
15 52 16.57|+55.827|5.81
15 52 40.45|+42.452|4.60
15 53 20.06|-20.167|5.04
15 53 36.72|-25.327|4.59
15 53 49.53|-16.729|4.13
15 53 53.92|-24.533|5.38
15 53 55.86|-23.978|5.41
15 54 34.61|+20.311|5.45
15 54 37.86|+43.139|5.35
15 54 39.53|-25.244|5.87
15 55 00.36|-19.383|5.95
15 55 08.70|-63.431|2.83
15 55 29.61|-68.603|5.11
15 55 30.08|-26.266|5.63
15 55 30.60|+42.566|5.73
15 55 32.39|-60.178|5.78
15 55 47.58|+37.947|5.43
15 56 05.94|-60.482|5.76
15 56 27.18|+15.662|3.85
15 56 53.08|-29.214|3.87
15 56 53.49|-33.966|5.14
15 56 54.12|-33.964|5.59
15 57 14.57|+14.414|5.54
15 57 21.33|-36.185|5.78
15 57 35.26|+26.878|4.14
15 57 40.46|-20.983|5.84
15 57 47.51|+54.750|4.96
15 58 11.37|-14.279|4.95
15 58 34.87|-24.831|5.43
15 58 51.11|-26.114|2.89
15 58 57.71|+36.644|5.61
15 58 58.16|-65.038|5.74
15 59 30.27|-41.744|4.99
16 00 07.33|-38.397|3.42
16 00 19.61|-16.533|5.47
16 00 20.01|-22.622|2.29
16 00 47.63|-8.411|5.53
16 00 51.13|+4.427|5.82
16 01 02.68|+33.304|5.39
16 01 14.32|+17.818|5.10
16 01 26.57|+29.851|4.98
16 01 53.52|+58.565|4.01
16 02 05.56|+52.916|5.93
16 02 17.69|+22.804|4.82
16 02 47.88|+46.037|4.72
16 03 12.88|-49.230|4.65
16 03 19.36|+36.632|5.79
16 03 20.63|-25.865|4.96
16 03 24.19|-38.603|4.90
16 03 31.38|+76.794|5.73
16 03 32.15|-57.775|4.63
16 03 34.36|-32.001|6.00
16 04 21.99|-11.375|4.84
16 04 21.99|-11.375|5.00
16 04 36.84|-37.863|5.91
16 05 26.23|-19.805|2.56
16 05 26.56|-19.802|4.90
16 05 55.86|-72.401|5.70
16 06 06.38|-23.606|5.90
16 06 19.71|+67.810|5.44
16 06 29.43|-45.173|4.73
16 06 35.55|-36.802|4.22
16 06 48.43|-20.669|3.93
16 07 16.20|-36.756|5.72
16 07 24.33|-20.869|4.31
16 07 36.42|-12.745|5.75
16 07 37.54|+9.892|5.63
16 08 04.53|+17.047|5.00
16 08 07.58|-26.327|5.35
16 08 28.08|+8.534|5.69
16 08 43.72|-23.685|5.86
16 08 46.18|+44.935|4.23
16 08 58.30|+36.491|4.73
16 08 58.88|+3.454|5.93
16 09 11.21|+6.379|5.93
16 09 18.55|-57.934|5.57
16 09 50.52|-3.467|5.39
16 09 52.59|-33.546|5.50
16 10 49.53|+75.878|5.48
16 11 02.08|-29.416|5.09
16 11 17.72|-41.120|5.86
16 11 38.04|+23.495|5.74
16 11 47.60|+42.375|5.89
16 11 48.06|+36.425|5.62
16 11 59.73|-19.461|4.00
16 11 59.99|-10.064|4.93
16 12 07.32|-8.548|5.43
16 12 16.04|-28.417|5.67
16 12 18.21|-27.926|4.58
16 13 15.43|+5.021|5.46
16 13 22.74|-55.541|5.78
16 13 28.73|-54.630|4.95
16 13 50.91|-11.838|5.24
16 14 20.74|-3.694|2.73
16 14 22.37|-33.011|5.91
16 14 40.88|+33.859|5.23
16 15 15.33|-47.372|5.13
16 15 26.27|-63.686|3.86
16 15 28.64|+18.808|5.72
16 15 37.27|-8.369|5.49
16 15 49.80|-57.912|5.61
16 16 43.27|-53.811|5.45
16 16 44.79|+29.150|5.80
16 17 00.93|-50.068|4.97
16 17 05.46|-67.941|5.95
16 17 15.34|+59.755|5.37
16 17 30.45|+75.755|4.95
16 18 17.90|-28.614|4.80
16 18 19.29|-4.693|3.23
16 19 00.42|-14.873|5.97
16 19 11.22|+49.038|5.93
16 19 17.64|-42.674|5.44
16 19 32.73|-30.907|5.53
16 19 44.44|+46.313|3.91
16 19 50.47|-50.156|4.01
16 19 55.16|+39.709|5.48
16 20 20.83|-78.696|4.68
16 20 25.24|-55.140|5.76
16 20 26.86|-78.667|5.27
16 20 38.18|-24.169|4.55
16 21 11.31|-25.593|2.90
16 21 48.73|+69.109|5.26
16 21 55.22|+19.153|3.74
16 22 04.35|+1.029|4.82
16 22 05.83|+30.892|4.86
16 22 21.42|+33.799|5.20
16 22 28.00|-49.572|5.32
16 22 29.07|-43.912|5.89
16 22 29.22|+33.703|5.40
16 23 47.17|+61.696|5.67
16 23 59.50|+61.514|2.73
16 24 01.28|-39.193|5.37
16 24 06.18|-20.037|4.48
16 24 10.83|+6.948|5.83
16 24 25.33|+55.205|5.75
16 24 31.76|-37.566|5.42
16 24 39.77|-29.705|5.40
16 25 24.17|+37.394|5.53
16 25 24.95|+14.033|4.57
16 25 35.12|-23.447|4.57
16 25 43.46|+78.964|5.55
16 27 01.44|-18.456|4.22
16 27 11.04|-47.555|4.46
16 27 43.46|-7.598|5.24
16 27 48.19|-8.372|4.62
16 27 57.30|-64.058|5.28
16 27 59.04|+68.768|4.94
16 28 14.47|-37.180|5.79
16 28 15.17|-58.600|5.67
16 28 27.92|-70.084|4.90
16 28 33.98|+0.665|5.41
16 28 38.54|+41.882|4.83
16 29 24.46|-26.432|1.06
16 29 42.33|-46.243|5.35
16 29 46.92|-14.551|5.66
16 30 12.48|-25.115|4.79
16 30 13.20|+21.490|2.78
16 30 33.55|+20.479|5.24
16 30 49.37|-61.634|5.19
16 30 54.82|+1.984|3.82
16 31 08.37|-16.613|4.29
16 31 13.43|+22.195|5.76
16 31 22.93|-34.704|4.24
16 31 41.77|-41.817|5.31
16 31 47.23|+45.598|5.61
16 32 08.20|-21.466|4.45
16 32 25.67|+60.823|5.92
16 32 35.69|+5.521|5.63
16 32 36.29|+11.488|4.84
16 33 27.39|-78.897|3.86
16 34 05.02|-44.045|4.86
16 34 06.18|+42.437|4.20
16 34 19.36|-70.988|5.50
16 35 44.79|-65.495|5.50
16 35 52.95|-28.216|2.82
16 36 11.21|+46.613|5.83
16 36 11.43|+52.900|5.53
16 36 13.72|+52.924|5.07
16 36 21.45|-2.325|5.77
16 36 22.47|-35.255|4.18
16 36 22.56|-42.859|5.46
16 37 09.54|-10.567|2.54
16 38 00.46|+56.016|5.28
16 38 26.29|-43.398|5.83
16 38 44.86|+48.928|4.86
16 39 05.23|-37.217|5.93
16 40 38.69|+4.220|5.77
16 40 55.12|+64.589|4.84
16 41 17.21|+31.603|2.81
16 41 17.37|+31.601|5.40
16 41 20.41|-48.763|5.57
16 41 23.12|-68.296|5.89
16 41 34.38|-17.742|4.91
16 41 36.70|+26.917|5.92
16 41 40.23|-49.652|5.62
16 41 42.48|+1.181|5.74
16 41 45.46|-33.146|5.84
16 41 53.69|-19.924|5.55
16 42 53.76|+38.922|3.48
16 43 05.25|-77.517|4.23
16 43 06.17|+77.514|5.99
16 44 39.75|-53.152|5.96
16 44 42.59|-40.840|5.64
16 45 00.19|-28.510|5.99
16 45 17.81|+56.782|4.84
16 45 22.52|+15.745|5.60
16 45 49.89|+8.583|5.15
16 45 58.17|+82.037|4.21
16 46 21.23|-58.504|5.74
16 46 40.00|-67.110|5.10
16 46 47.96|-39.377|5.48
16 47 19.66|-58.341|5.55
16 47 19.74|+42.239|5.86
16 47 46.42|+5.247|5.22
16 48 39.88|-69.028|1.91
16 49 14.21|+45.983|4.82
16 49 34.66|+13.261|5.91
16 49 47.14|-59.041|3.77
16 49 50.03|-10.783|4.64
16 50 09.89|-34.293|2.29
16 50 19.38|+7.248|5.48
16 50 38.96|+29.807|5.73
16 51 24.93|+1.216|5.51
16 51 33.72|-41.231|5.23
16 51 45.26|+24.656|5.03
16 51 52.23|-38.047|3.00
16 52 20.15|-38.018|3.56
16 52 58.07|+31.702|5.34
16 53 17.57|+47.417|5.99
16 53 25.22|-20.416|5.86
16 53 42.43|-43.051|5.95
16 53 59.73|-42.362|4.70
16 54 00.38|-57.910|5.91
16 54 00.47|+10.165|4.39
16 54 01.84|-41.806|5.46
16 54 26.94|-42.479|5.84
16 54 35.03|-42.361|3.62
16 54 35.69|-6.154|5.23
16 54 55.17|+20.958|5.39
16 54 58.50|-41.151|5.78
16 55 22.17|+18.433|5.35
16 55 24.68|-63.270|5.99
16 56 01.50|+65.135|4.88
16 56 28.78|-52.284|5.94
16 56 48.04|-23.150|5.57
16 57 11.17|-33.259|5.48
16 57 40.10|+9.375|3.19
16 58 17.94|-50.641|5.53
16 58 37.22|-55.990|3.12
16 59 33.98|-69.268|5.79
16 59 35.05|-53.160|4.06
16 59 57.71|-25.092|5.88
17 00 06.28|-54.597|5.64
17 00 09.51|-24.989|5.74
17 00 17.38|+30.926|3.92
17 00 26.96|-48.648|5.98
17 00 36.99|-35.934|5.95
17 00 58.14|+22.632|5.69
17 01 03.60|-4.223|4.82
17 01 36.36|+33.568|5.27
17 01 52.64|-32.144|5.03
17 02 18.69|+25.506|5.76
17 03 07.87|+14.092|4.97
17 03 08.71|-53.237|5.27
17 03 39.30|+13.605|5.91
17 03 50.93|-38.153|5.91
17 04 24.72|-57.712|5.73
17 04 49.35|-34.123|4.83
17 05 16.82|+0.703|6.00
17 05 19.37|+54.469|5.63
17 05 20.14|+54.470|4.91
17 05 22.69|+12.741|4.89
17 05 32.26|-0.892|5.63
17 06 18.05|+22.084|5.56
17 06 20.19|-37.228|5.98
17 08 02.07|+35.935|5.41
17 08 14.86|-17.609|5.98
17 08 47.21|+65.715|3.17
17 08 47.54|-30.404|5.93
17 09 33.26|+40.777|5.07
17 09 47.95|-10.523|5.43
17 10 22.02|-15.727|3.40
17 10 22.68|-15.725|2.43
17 10 42.33|-44.558|5.06
17 11 38.68|-48.873|5.94
17 12 09.19|-43.239|3.32
17 12 16.21|-39.507|5.66
17 12 27.81|+10.585|5.32
17 12 32.57|+62.874|5.54
17 12 58.56|-32.438|5.95
17 13 18.02|-67.197|5.87
17 14 38.86|+14.390|2.78
17 15 01.91|+24.839|3.12
17 15 02.84|+36.809|3.16
17 15 19.25|-33.548|5.60
17 15 20.29|-14.584|5.98
17 15 20.64|-26.603|5.07
17 15 21.01|-26.603|4.33
17 15 35.98|-38.594|5.95
17 15 41.47|+23.743|5.99
17 16 31.72|+1.211|5.89
17 16 36.69|-0.445|4.72
17 17 03.66|-32.663|5.53
17 17 19.57|+33.100|4.80
17 17 40.26|+37.291|4.64
17 18 00.68|-24.287|5.14
17 18 04.94|+17.318|6.00
17 18 23.27|+38.811|5.97
17 18 36.99|+10.864|5.03
17 18 47.83|-44.130|5.76
17 18 48.52|+28.823|5.68
17 18 57.03|-34.990|5.91
17 19 03.56|-46.636|5.47
17 19 12.51|-59.695|5.93
17 19 37.06|+80.136|5.74
17 20 09.83|+25.538|5.36
17 20 18.87|+18.057|5.01
17 20 21.13|+46.241|5.51
17 20 39.55|+32.468|5.38
17 20 49.66|-12.847|4.32
17 20 54.21|+24.499|5.13
17 21 00.36|-21.113|4.39
17 21 43.62|+39.975|5.55
17 21 45.36|+53.420|5.69
17 21 59.51|-67.771|4.76
17 22 00.58|-25.000|3.27
17 22 05.88|-70.123|5.39
17 22 54.75|-37.221|5.91
17 22 55.23|-58.010|5.86
17 23 07.12|-56.526|5.76
17 23 16.08|-47.468|5.21
17 23 21.59|-28.143|5.30
17 23 40.95|+37.146|4.15
17 23 57.62|+8.853|5.77
17 24 01.08|-62.864|5.69
17 24 06.59|+22.960|5.70
17 24 13.09|-44.163|5.10
17 24 18.80|-60.674|5.76
17 24 31.54|+16.301|5.75
17 24 42.03|-21.441|5.82
17 25 17.99|-55.530|2.84
17 25 23.66|-56.378|3.31
17 25 41.36|+60.048|5.65
17 26 00.04|-50.634|5.19
17 26 22.21|-24.175|4.16
17 26 30.88|+4.140|4.34
17 26 37.88|-5.087|4.53
17 26 44.24|+48.260|5.83
17 26 46.15|+34.696|5.94
17 26 49.13|+20.081|5.52
17 26 51.98|-45.843|5.28
17 27 12.46|-50.630|5.90
17 27 21.27|-29.867|4.28
17 27 37.55|-29.725|5.98
17 27 57.61|-52.297|5.72
17 28 38.91|-55.170|5.93
17 28 49.66|+0.331|5.41
17 28 56.09|-36.778|5.98
17 30 23.80|-1.063|5.31
17 30 25.97|+52.301|2.79
17 30 44.31|+26.111|4.41
17 30 45.84|-37.296|2.70
17 30 47.00|+86.968|5.78
17 30 55.37|+31.158|5.63
17 31 05.94|-60.684|3.60
17 31 21.33|+2.725|5.57
17 31 23.28|-56.921|5.99
17 31 24.95|-23.963|4.78
17 31 27.47|-80.859|5.83
17 31 49.58|+28.407|5.66
17 31 50.50|-49.876|2.84
17 31 57.88|+68.135|5.07
17 32 10.50|+55.184|4.89
17 32 12.90|+86.586|4.35
17 32 15.96|+55.173|4.86
17 33 07.27|+41.243|5.72
17 33 07.39|-41.173|5.84
17 33 22.82|+19.257|5.65
17 33 29.84|-5.745|5.61
17 33 36.52|-37.104|1.62
17 33 39.39|+16.318|5.68
17 34 36.70|+9.587|5.80
17 34 42.49|-32.582|5.69
17 34 46.35|-11.242|5.54
17 34 56.07|+12.560|2.08
17 34 59.41|+61.875|5.23
17 35 39.60|-46.506|4.56
17 36 32.84|-38.635|4.26
17 36 37.65|+48.586|5.35
17 36 57.09|+68.758|4.77
17 37 08.85|+72.456|5.87
17 37 19.13|-42.998|1.86
17 37 27.31|-50.060|5.89
17 37 31.09|+24.310|5.76
17 37 35.20|-15.399|3.54
17 37 36.21|-15.571|5.94
17 37 50.71|-8.119|4.58
17 38 05.54|-54.500|5.25
17 38 09.50|-10.926|5.74
17 39 27.89|+46.006|3.82
17 40 23.79|-49.416|4.76
17 41 16.24|-46.922|5.78
17 41 21.79|+51.818|6.00
17 41 24.87|-12.875|4.24
17 41 32.32|+6.313|5.97
17 41 56.32|+72.149|4.57
17 41 58.06|+72.157|5.81
17 41 58.64|+15.952|5.54
17 42 28.36|+24.564|5.56
17 42 29.28|-39.030|2.39
17 42 51.10|-36.946|5.53
17 43 21.57|+24.328|5.73
17 43 25.80|-21.683|4.86
17 43 28.35|+4.567|2.76
17 43 59.17|+53.802|5.75
17 44 08.71|-51.834|5.12
17 44 42.01|-42.729|5.87
17 44 55.85|-57.546|5.97
17 45 44.00|-64.724|3.61
17 46 27.55|+27.721|3.42
17 47 08.04|+17.697|5.61
17 47 33.63|-27.831|4.53
17 47 35.08|-40.127|2.99
17 47 36.78|-14.726|5.93
17 47 53.56|+2.707|3.75
17 48 24.77|+20.565|5.69
17 48 49.15|+25.623|5.09
17 49 04.30|+50.781|5.02
17 49 10.48|-31.703|4.79
17 49 26.96|+76.963|5.02
17 49 51.47|-37.043|3.19
17 50 11.11|-40.090|4.78
17 50 22.89|+29.322|5.51
17 50 28.39|-53.612|5.68
17 51 32.54|-40.772|5.94
17 51 35.47|-60.164|5.78
17 52 13.66|-34.799|5.88
17 52 19.76|-34.417|5.84
17 52 35.44|+1.305|5.91
17 53 14.19|+6.101|5.77
17 53 18.03|+40.008|5.17
17 53 23.47|-34.895|5.58
17 53 31.68|+56.873|3.73
17 53 54.77|-34.753|6.00
17 55 11.14|+72.005|5.43
17 55 25.19|+26.050|5.47
17 55 50.81|+22.464|5.62
17 56 15.18|+37.251|3.86
17 56 18.40|+0.670|5.82
17 56 19.04|-15.813|5.93
17 56 36.37|+51.489|2.24
17 56 41.84|-28.065|5.76
17 56 47.43|-44.342|4.85
17 56 47.75|-4.082|5.44
17 57 04.32|+0.067|5.95
17 57 45.88|+29.248|3.70
17 57 47.80|-41.716|4.88
17 58 30.15|+30.189|4.41
17 58 39.05|-28.759|5.99
17 58 55.69|-36.858|5.74
17 59 01.59|-9.774|3.32
17 59 05.28|-30.253|5.00
17 59 36.76|-4.821|5.86
17 59 47.55|-23.816|4.74
17 59 56.21|+45.501|5.69
18 00 03.42|+16.751|4.67
18 00 09.09|+80.004|5.74
18 00 15.80|+4.369|4.79
18 00 29.01|-3.690|4.62
18 00 38.71|+2.932|3.93
18 01 30.41|+21.596|4.26
18 01 45.20|+1.305|4.42
18 01 54.38|-22.780|5.72
18 02 23.05|+20.834|5.25
18 02 51.10|-24.282|5.37
18 03 04.33|-8.182|5.24
18 03 04.92|-8.180|4.77
18 03 52.44|-24.361|5.89
18 04 50.38|-35.901|5.98
18 05 01.23|-29.580|4.66
18 05 27.29|+2.500|4.03
18 05 27.56|+2.498|6.00
18 05 48.49|-30.424|2.98
18 05 49.61|+32.231|5.72
18 06 01.90|+22.219|4.96
18 06 07.40|-8.324|5.84
18 06 15.20|-4.751|5.74
18 06 23.71|-36.020|5.94
18 06 37.87|-50.091|3.65
18 06 49.89|-43.425|4.92
18 07 01.55|+30.562|5.05
18 07 18.36|+8.734|4.64
18 07 20.99|+9.564|3.71
18 07 28.74|+43.462|5.00
18 07 32.55|+28.762|3.84
18 07 48.34|-17.154|5.52
18 07 49.50|+26.097|5.79
18 07 49.56|+26.101|5.83
18 08 02.25|+36.401|5.49
18 08 04.98|-28.457|4.55
18 08 34.80|-63.669|4.33
18 08 45.49|+20.815|4.37
18 08 52.86|+20.045|5.10
18 09 33.89|+3.993|5.71
18 09 54.01|+3.120|5.67
18 09 58.99|+36.466|5.57
18 10 05.81|-30.729|5.53
18 10 26.21|-62.002|5.47
18 10 31.59|+54.287|5.97
18 10 40.30|+3.324|5.50
18 11 05.55|-41.359|5.86
18 11 13.77|-45.954|4.52
18 11 15.77|-75.892|5.86
18 11 43.33|-23.701|4.96
18 11 45.12|+33.447|5.98
18 11 54.16|+31.405|4.96
18 12 34.14|-73.672|5.86
18 13 12.70|-41.336|5.47
18 13 45.81|-21.059|3.84
18 13 53.56|+64.397|4.99
18 14 15.90|-21.713|5.49
18 15 12.91|-20.728|5.29
18 15 12.97|-20.388|5.96
18 15 17.06|+68.756|5.96
18 15 38.78|+42.159|5.56
18 15 40.64|-63.055|5.58
18 15 53.43|-44.206|5.45
18 16 53.10|-3.007|5.99
18 17 07.53|-56.023|5.36
18 17 11.63|-17.374|5.81
18 17 37.65|-36.762|3.10
18 18 03.19|-27.043|4.66
18 19 09.54|+7.260|5.41
18 19 10.68|+24.446|5.30
18 19 51.71|+36.065|4.33
18 20 08.79|-15.832|5.39
18 20 17.91|+21.961|4.92
18 20 45.44|+71.338|4.22
18 20 52.06|+3.377|4.85
18 20 56.97|+29.859|5.61
18 20 59.64|-29.828|2.72
18 21 01.02|+28.870|5.12
18 21 02.65|+72.733|3.55
18 21 18.60|-2.899|3.23
18 21 22.99|-18.860|5.76
18 21 32.67|+49.122|5.02
18 22 08.70|+23.285|5.41
18 22 18.58|-38.657|5.09
18 22 35.32|+12.030|5.99
18 22 49.04|+17.827|5.25
18 22 53.08|-36.670|5.33
18 23 12.16|-12.015|5.71
18 23 13.62|-61.494|4.35
18 23 28.82|-36.238|5.52
18 23 36.44|-75.044|5.47
18 23 39.58|-8.934|4.66
18 23 41.88|+21.770|3.85
18 23 54.63|+58.801|4.98
18 24 10.32|-34.385|1.79
18 24 13.79|+39.507|5.11
18 24 18.24|-44.110|5.24
18 25 01.44|-30.757|5.58
18 25 21.04|-20.542|4.81
18 25 38.80|+8.032|5.64
18 25 58.79|+29.829|5.81
18 25 59.05|+65.563|4.82
18 26 54.01|-48.117|5.44
18 26 58.42|-45.968|3.49
18 27 12.51|+0.196|5.20
18 27 49.48|-29.817|5.90
18 27 58.24|-25.422|2.82
18 27 58.77|+6.194|5.71
18 28 27.11|-38.996|5.63
18 28 49.82|-49.071|4.10
18 29 11.85|-14.566|4.67
18 29 20.01|-80.233|5.95
18 29 35.71|+23.866|5.87
18 29 40.98|-1.985|5.38
18 29 44.96|+77.547|5.65
18 29 55.94|-47.221|5.69
18 29 56.71|-57.523|5.74
18 30 11.86|-18.729|5.63
18 31 04.45|+16.929|5.76
18 31 04.84|-32.989|5.37
18 31 22.43|-62.278|4.63
18 31 25.69|-10.796|5.77
18 31 26.30|-18.403|5.12
18 31 45.43|-45.915|4.92
18 31 56.22|-43.507|5.71
18 31 56.99|-1.003|5.93
18 32 01.95|-45.757|5.07
18 32 21.33|-39.704|5.16
18 32 34.52|+57.046|4.77
18 32 43.32|-14.866|5.47
18 32 46.15|+23.617|5.88
18 32 49.96|+30.554|5.47
18 32 55.33|-73.966|5.88
18 33 23.13|-38.726|5.67
18 33 30.18|-42.313|4.62
18 33 39.02|-14.854|5.74
18 33 53.49|-24.032|5.49
18 33 56.70|+52.354|5.38
18 33 57.77|-33.017|5.28
18 35 02.39|-10.977|5.12
18 35 12.43|-8.244|3.85
18 35 12.60|+18.203|5.79
18 35 30.40|+23.606|5.62
18 36 27.83|+9.122|5.38
18 36 37.34|+33.469|5.41
18 36 39.07|+6.672|5.43
18 36 56.30|+38.784|0.03
18 37 33.51|+62.527|5.74
18 37 35.96|-0.309|5.76
18 37 54.43|-21.398|5.93
18 38 30.71|-23.505|5.78
18 38 53.40|-21.052|5.85
18 39 14.28|-47.910|5.84
18 39 35.16|-43.186|5.42
18 39 52.81|+52.196|6.00
18 40 00.39|-7.791|5.82
18 42 16.43|-9.053|4.70
18 42 37.95|+55.539|5.03
18 43 02.14|-71.428|4.01
18 43 31.25|-8.275|4.88
18 43 37.33|-64.551|5.76
18 43 46.94|-38.323|5.11
18 43 51.60|+31.927|5.68
18 44 19.36|-35.642|4.86
18 44 20.34|+39.670|4.67
18 44 22.78|+39.613|4.59
18 44 46.35|+37.605|4.34
18 44 48.20|+37.595|5.73
18 44 49.60|-25.011|5.82
18 44 49.94|+2.060|5.02
18 44 57.16|-39.686|5.40
18 45 26.87|-64.871|4.78
18 45 28.36|+5.500|5.82
18 45 39.38|-26.991|3.17
18 45 39.73|+20.546|4.19
18 45 46.76|+74.086|5.25
18 46 04.48|+26.662|4.83
18 46 20.61|-22.392|5.37
18 46 22.26|+75.434|5.37
18 46 28.60|-0.962|5.89
18 46 43.08|+52.988|5.91
18 46 43.32|-10.125|5.69
18 47 01.27|+18.182|4.34
18 47 10.47|-4.748|4.22
18 47 28.95|-5.705|5.38
18 47 44.61|-40.406|5.20
18 48 37.94|-65.078|5.71
18 48 50.49|-43.680|5.46
18 48 53.38|+19.329|5.89
18 49 27.33|-45.810|5.80
18 49 35.00|-43.434|5.60
18 49 40.11|-20.325|5.22
18 49 40.95|-5.913|5.99
18 49 45.91|+32.813|5.93
18 49 52.92|+32.551|5.22
18 50 04.79|+33.363|3.52
18 50 58.51|-9.774|5.82
18 51 12.05|+59.388|4.63
18 51 34.96|+52.975|5.51
18 52 13.04|-62.188|4.22
18 52 16.43|+21.425|5.43
18 52 27.22|-46.595|5.51
18 52 39.63|-52.107|5.18
18 53 13.55|+50.708|4.92
18 53 43.56|+36.972|5.58
18 54 00.09|-21.360|5.68
18 54 10.18|-22.745|4.86
18 54 13.25|+27.910|5.64
18 54 23.80|+71.297|4.82
18 54 30.28|+36.899|4.22
18 54 43.11|-15.603|5.08
18 54 44.88|+22.645|4.57
18 54 47.14|+48.859|5.84
18 54 47.63|-87.606|5.29
18 54 52.18|+41.603|5.46
18 54 52.52|+33.969|5.99
18 55 07.14|-22.671|5.00
18 55 15.92|-26.297|2.05
18 55 20.10|+43.946|4.08
18 55 27.44|+6.615|5.58
18 55 31.01|-16.377|5.56
18 56 00.67|-23.174|5.91
18 56 06.12|+18.105|5.69
18 56 13.18|+4.204|4.62
18 56 14.64|+4.202|4.98
18 56 16.96|-42.711|5.35
18 56 25.73|+65.258|5.62
18 56 40.50|-37.343|5.36
18 56 45.06|+57.815|5.67
18 56 57.04|-67.233|4.40
18 57 01.59|+32.901|5.20
18 57 03.67|-5.846|4.83
18 57 16.59|+2.535|5.56
18 57 20.48|-20.656|5.02
18 57 43.80|-21.107|3.52
18 58 01.90|+38.266|5.89
18 58 14.75|+17.361|5.33
18 58 27.76|-52.939|4.85
18 58 36.52|-60.201|5.14
18 58 43.40|-37.107|4.83
18 58 46.92|+13.907|5.91
18 58 56.62|+32.690|3.25
18 59 05.74|+13.622|5.27
18 59 23.80|-12.841|5.51
18 59 37.36|+15.068|4.02
18 59 45.48|+26.230|5.26
19 00 00.82|+32.146|4.94
19 00 03.55|-66.654|5.98
19 00 13.68|+50.533|5.39
19 00 43.46|+55.658|5.51
19 01 17.36|+26.291|5.69
19 01 26.37|+46.935|5.00
19 01 40.83|-5.739|4.02
19 02 27.68|-24.847|5.63
19 02 36.72|-29.880|2.60
19 02 54.50|-3.699|5.40
19 03 03.81|-19.246|5.96
19 03 06.87|-42.095|4.74
19 03 17.69|-38.253|5.73
19 03 29.67|-68.756|5.89
19 03 32.25|+1.819|5.82
19 03 57.55|-51.019|5.93
19 04 25.06|-31.047|5.49
19 04 40.98|-21.741|3.76
19 04 55.17|+53.397|5.40
19 04 57.67|-4.031|5.40
19 04 57.87|+31.744|5.63
19 05 24.61|+13.863|2.99
19 05 41.18|-15.660|5.93
19 06 14.94|-4.883|3.43
19 06 19.94|-52.341|5.17
19 06 24.65|-37.065|5.00
19 06 25.10|-37.063|4.23
19 06 37.73|+28.629|5.53
19 06 38.39|+24.251|5.78
19 06 52.12|-16.229|6.00
19 06 55.60|-48.299|5.95
19 06 56.41|-27.670|3.32
19 06 58.60|+11.071|5.07
19 07 18.13|+36.100|5.25
19 07 25.57|+32.502|5.20
19 08 16.70|-19.290|5.56
19 08 20.96|-40.497|4.57
19 08 25.83|+52.426|5.88
19 08 59.91|+6.073|5.23
19 09 09.78|+76.561|5.11
19 09 28.33|-37.904|4.11
19 09 45.83|-21.024|2.88
19 09 52.71|-68.424|5.31
19 09 57.65|-41.892|5.86
19 10 01.75|-39.341|4.10
19 11 40.55|+56.859|5.13
19 11 46.01|+31.283|5.93
19 12 05.10|+49.856|5.85
19 12 33.21|+67.662|3.07
19 12 40.71|-7.940|5.35
19 13 13.67|-25.907|5.79
19 13 15.52|-12.283|5.51
19 13 42.70|+2.294|5.14
19 13 45.49|+39.146|4.43
19 13 55.15|+57.705|5.00
19 14 39.55|-45.194|5.91
19 15 17.36|+21.232|5.65
19 15 20.09|+15.084|5.58
19 15 24.86|+30.526|5.88
19 15 32.43|-25.257|4.86
19 15 33.22|+73.355|4.45
19 16 13.04|+21.390|4.76
19 16 21.74|-45.466|5.38
19 16 22.09|+38.134|4.35
19 16 26.79|+14.545|5.65
19 16 31.03|+4.835|5.59
19 17 06.14|+53.368|3.80
19 17 12.22|-66.661|5.52
19 17 38.08|-18.953|4.88
19 17 43.63|+23.026|5.46
19 17 49.00|+11.595|5.28
19 18 32.49|+1.085|5.10
19 19 39.35|+12.375|5.53
19 19 39.99|-35.421|5.59
19 20 16.02|+57.645|5.91
19 20 32.90|-5.416|4.98
19 20 35.69|-0.892|5.46
19 20 38.15|-22.403|5.59
19 20 40.08|+65.715|4.60
19 21 40.36|-17.847|3.92
19 21 43.62|-15.955|4.52
19 21 50.89|-18.308|5.84
19 22 21.54|-0.252|5.81
19 22 38.29|-44.459|3.96
19 22 50.88|+26.262|5.22
19 22 51.20|-54.424|5.03
19 23 13.11|-44.800|4.27
19 23 53.17|-40.616|3.96
19 23 56.50|+43.388|5.85
19 24 07.58|+29.621|4.99
19 24 58.19|+11.944|5.17
19 25 04.04|-29.309|5.91
19 25 16.49|-24.509|5.02
19 25 21.59|-13.897|5.72
19 25 28.60|+19.798|5.14
19 25 29.66|-23.962|5.45
19 25 29.90|+3.115|3.36
19 26 09.12|+36.318|5.17
19 26 11.04|-15.053|5.71
19 26 13.25|+20.098|5.60
19 26 19.15|-21.777|5.57
19 26 24.13|+13.024|5.76
19 26 28.69|+19.891|5.84
19 26 31.09|+0.339|4.64
19 26 56.48|-29.743|5.66
19 27 25.96|+52.320|5.73
19 27 48.12|-54.325|5.70
19 28 20.80|+2.930|5.84
19 28 42.34|+24.665|4.44
19 28 57.08|+24.769|5.82
19 29 00.99|+1.950|5.79
19 29 22.15|+14.596|5.57
19 29 23.82|-43.445|5.70
19 29 42.35|+51.730|3.76
19 29 52.18|-26.986|5.46
19 30 39.84|-2.789|5.03
19 30 43.28|+27.960|3.05
19 30 45.40|+27.965|5.12
19 31 10.95|-68.434|5.98
19 31 19.34|+50.307|5.55
19 31 21.62|+26.617|5.89
19 31 46.32|+34.453|4.74
19 32 20.94|+69.661|4.67
19 32 53.81|-53.186|5.76
19 33 21.63|-45.272|5.59
19 33 41.61|+49.262|6.00
19 34 05.35|+7.379|4.45
19 34 08.49|-40.035|5.89
19 34 19.78|+51.237|5.71
19 34 34.90|+19.773|5.00
19 34 41.26|+42.413|5.34
19 34 50.93|+29.463|5.39
19 35 07.26|-10.560|5.12
19 35 12.99|-48.099|4.88
19 36 01.65|-24.719|5.64
19 36 26.54|+50.221|4.49
19 36 38.00|+44.695|5.17
19 36 42.43|-24.884|4.59
19 36 43.28|-1.287|4.36
19 36 52.45|+11.273|5.98
19 36 53.45|-7.027|4.93
19 37 03.34|-18.231|5.66
19 37 17.39|+16.463|5.67
19 37 34.42|-14.302|5.46
19 37 47.32|-4.648|5.45
19 38 41.17|+54.974|5.89
19 39 11.64|+5.398|5.18
19 39 22.60|+30.153|4.68
19 39 26.48|+42.818|5.41
19 40 05.79|+18.014|4.39
19 40 07.17|-23.429|5.97
19 40 43.32|-0.621|5.64
19 40 43.38|-16.293|5.30
19 40 50.16|+45.525|5.06
19 41 02.94|+17.476|4.39
19 41 05.53|+13.816|5.98
19 41 49.00|+50.525|5.99
19 42 31.13|-16.124|5.06
19 42 34.01|+11.827|5.28
19 42 44.60|+32.427|5.93
19 43 33.53|-15.470|5.49
19 43 42.92|+25.772|5.50
19 43 45.09|+41.773|5.86
19 44 16.59|+37.354|4.89
19 44 18.41|+69.337|5.90
19 44 58.47|+45.131|2.86
19 45 39.95|+7.613|5.89
19 46 01.22|-31.909|5.51
19 46 15.58|+10.613|2.72
19 46 21.75|-19.761|4.87
19 46 25.60|+33.728|5.00
19 47 23.26|+18.534|3.68
19 47 27.78|+38.408|5.83
19 47 48.54|+25.384|6.00
19 48 01.16|-56.363|5.33
19 48 10.26|+70.268|3.84
19 48 42.06|+11.816|5.75
19 48 58.66|+19.142|5.01
19 49 02.20|-10.871|6.00
19 49 25.30|-72.503|5.39
19 50 14.06|-47.557|5.91
19 50 33.99|+38.722|5.18
19 50 37.33|+40.600|5.68
19 50 37.73|+52.988|5.03
19 50 44.79|-59.194|5.41
19 50 46.78|-10.764|5.38
19 50 47.00|+8.868|0.76
19 51 01.64|+10.416|5.12
19 51 04.11|+22.610|4.90
19 51 50.60|-39.874|5.32
19 51 59.07|+47.027|5.60
19 52 01.59|+24.992|5.54
19 52 07.17|+47.932|5.91
19 52 12.00|-19.045|5.88
19 52 28.37|+1.006|3.87
19 52 37.71|-54.971|5.76
19 53 17.38|+57.523|5.14
19 53 18.74|-3.114|5.63
19 53 27.69|+24.080|4.57
19 54 08.28|-8.574|5.76
19 54 14.88|+8.461|4.71
19 54 31.08|+24.319|5.56
19 54 37.65|-8.227|5.70
19 54 44.80|+0.274|5.60
19 54 48.25|+36.996|5.79
19 55 15.69|-41.868|4.12
19 55 18.79|+6.407|3.71
19 55 37.80|+52.439|4.91
19 55 50.34|-26.300|4.70
19 55 51.76|+38.487|4.95
19 55 55.38|+58.846|4.98
19 56 01.26|+16.635|5.71
19 56 14.25|+11.424|5.28
19 56 18.38|+35.083|3.89
19 56 56.83|-27.170|4.54
19 57 06.30|-58.901|5.24
19 57 13.87|+40.368|5.46
19 57 45.45|+16.789|5.54
19 57 57.03|-15.491|5.01
19 58 37.98|+30.984|5.51
19 58 41.22|-69.164|5.74
19 58 45.43|+19.492|3.51
19 58 57.20|-26.196|4.84
19 59 10.54|+23.101|5.68
19 59 20.42|+45.773|5.92
19 59 44.18|-35.276|4.37
19 59 47.35|-9.958|5.87
19 59 51.34|-34.698|5.30
19 59 55.19|+37.043|5.15
20 00 03.31|+17.517|5.33
20 00 15.93|-37.702|5.95
20 00 20.24|-33.703|5.65
20 00 23.10|-66.949|5.75
20 00 35.44|-72.911|3.97
20 00 48.33|-45.113|5.80
20 00 58.98|+8.558|5.90
20 01 06.05|+27.754|4.66
20 01 21.56|+50.105|5.06
20 01 28.54|+64.821|5.22
20 01 44.71|+24.800|5.88
20 01 44.73|-59.376|4.95
20 01 52.43|-66.944|5.32
20 01 58.60|-13.637|5.69
20 02 01.43|+24.938|5.23
20 02 39.48|-27.710|4.43
20 02 49.06|+67.874|4.51
20 03 16.40|+18.501|5.99
20 03 30.02|+16.031|5.73
20 03 33.45|-37.941|4.77
20 03 37.34|+29.897|5.73
20 04 06.24|+17.070|5.80
20 04 08.31|+7.278|5.51
20 04 19.59|-32.056|4.99
20 04 23.15|-0.709|5.67
20 04 36.17|+32.219|5.62
20 05 09.49|+19.991|5.09
20 05 32.80|+61.995|5.40
20 06 13.76|+53.166|5.81
20 06 21.80|+35.972|5.38
20 06 53.41|+23.614|5.08
20 07 23.16|-52.881|4.93
20 08 01.82|-0.678|5.97
20 08 42.57|-66.182|3.55
20 08 53.32|+77.711|4.38
20 09 25.62|+36.840|4.93
20 10 33.54|+26.904|5.51
20 11 11.88|-36.101|5.32
20 11 18.29|-0.821|3.24
20 11 34.83|+62.079|5.70
20 11 47.98|+26.809|5.51
20 12 00.70|+26.479|5.91
20 12 25.87|-12.617|5.84
20 13 13.88|-1.009|5.44
20 13 18.05|+46.816|4.80
20 13 23.84|+56.568|4.28
20 13 27.59|+60.641|5.81
20 13 37.91|+46.741|3.80
20 14 14.53|+28.695|5.19
20 14 16.62|+15.198|4.94
20 14 19.02|-52.446|5.65
20 14 32.02|+36.806|4.93
20 15 15.89|+25.592|4.79
20 15 17.30|-27.033|5.73
20 15 23.77|+33.729|5.70
20 15 28.32|+47.714|3.96
20 15 30.24|+23.509|5.18
20 15 46.14|+27.814|4.50
20 16 00.61|+45.580|5.87
20 16 47.09|+24.671|5.30
20 16 55.29|+40.365|5.27
20 17 30.90|+66.854|5.91
20 17 38.87|-12.508|4.30
20 17 47.20|+38.033|4.77
20 18 01.40|-21.810|5.86
20 18 03.25|-12.545|3.58
20 18 06.99|+40.732|5.83
20 18 24.75|+55.397|5.76
20 18 28.65|+37.000|5.58
20 18 39.07|+34.983|5.14
20 19 23.60|-19.119|5.28
20 19 36.71|+62.257|5.71
20 20 00.19|+13.548|5.96
20 20 05.99|+68.880|5.59
20 20 21.40|+17.793|5.82
20 20 39.81|-12.759|4.77
20 21 00.67|-14.781|3.05
20 21 11.52|+63.980|5.69
20 22 03.43|+24.446|5.50
20 22 05.36|+45.795|5.58
20 22 13.70|+40.257|2.23
20 22 27.50|-42.050|5.60
20 22 45.30|+41.026|5.95
20 23 10.69|+5.343|5.30
20 23 44.37|+37.476|5.87
20 23 51.62|+32.190|4.43
20 23 53.18|-42.423|5.64
20 25 26.83|-28.663|5.86
20 25 38.85|-56.735|1.94
20 25 40.53|+21.410|5.68
20 27 02.25|+49.383|5.73
20 27 19.21|-18.212|5.08
20 27 34.26|+38.440|5.63
20 28 14.47|+81.423|5.38
20 28 51.61|-17.814|4.77
20 29 20.39|+36.455|5.90
20 29 23.73|+30.369|4.01
20 29 27.11|+56.068|5.89
20 29 27.35|+81.091|5.96
20 29 34.85|+62.994|4.21
20 29 39.00|-2.886|4.91
20 29 53.91|-18.583|5.94
20 30 03.54|+48.952|4.94
20 31 18.81|+49.220|5.44
20 31 30.40|+74.955|5.18
20 32 23.69|-9.853|5.66
20 33 12.77|+11.303|4.03
20 33 17.62|-80.965|5.76
20 33 54.19|+35.251|4.61
20 33 54.84|+46.694|5.78
20 33 55.07|-44.516|5.12
20 33 57.04|+13.027|5.39
20 35 18.54|+14.674|4.64
20 35 34.81|-60.582|4.75
20 36 43.63|-2.550|4.91
20 37 04.67|+26.462|5.59
20 37 32.94|+14.595|3.64
20 37 34.02|-47.292|3.11
20 37 35.27|-61.530|4.86
20 37 49.12|+11.378|5.42
20 38 18.60|-81.289|5.89
20 38 20.28|-1.105|4.31
20 38 31.34|+21.201|4.81
20 38 31.91|+24.116|5.06
20 38 34.99|+23.680|5.91
20 38 43.99|+13.315|5.69
20 38 59.52|+30.334|5.68
20 39 04.97|+15.838|5.99
20 39 07.78|+10.086|5.07
20 39 16.32|-14.955|5.24
20 39 24.89|+0.486|5.15
20 39 38.29|+15.912|3.77
20 40 02.45|-60.549|5.11
20 40 02.95|-18.139|5.15
20 40 03.18|+43.459|5.97
20 40 19.83|-33.432|5.47
20 40 32.52|-16.124|5.79
20 41 02.54|+32.307|5.53
20 41 23.65|-31.598|5.75
20 41 25.92|+45.280|1.25
20 41 56.50|+41.717|5.68
20 41 57.07|-66.761|5.14
20 42 02.63|-76.181|5.99
20 42 12.63|+50.340|5.41
20 42 35.12|+82.531|5.75
20 43 11.00|+66.657|5.59
20 43 27.53|+15.075|4.43
20 44 02.28|-51.921|4.51
20 44 22.05|+56.488|5.91
20 44 52.51|+25.271|4.92
20 44 57.53|-66.203|3.42
20 45 17.32|+61.839|3.41
20 45 21.16|+57.580|4.52
20 45 39.75|+30.720|4.22
20 46 05.74|-25.271|4.13
20 46 09.99|-21.514|5.91
20 46 12.64|+33.970|2.48
20 46 20.06|-39.199|5.48
20 46 38.86|+16.124|5.15
20 46 39.50|+16.124|4.27
20 47 10.75|+34.374|4.93
20 47 24.54|+36.491|4.53
20 47 33.54|+80.552|5.36
20 47 40.55|-9.496|3.78
20 47 44.24|-5.028|4.43
20 47 48.33|+6.008|5.57
20 47 49.29|+47.832|5.60
20 48 29.10|-43.989|5.11
20 48 56.29|+46.114|4.81
20 49 17.61|-25.781|5.86
20 49 18.24|-68.777|5.41
20 49 28.95|-46.227|4.90
20 49 58.08|-33.780|4.89
20 50 04.90|+44.059|5.06
20 50 41.78|-12.545|5.87
20 51 00.76|-37.913|5.52
20 51 25.75|-5.627|5.99
20 51 28.24|+28.251|5.66
20 51 30.05|-51.608|5.06
20 51 38.45|-62.429|5.67
20 51 49.29|-26.919|4.12
20 52 07.68|+27.097|4.56
20 52 08.70|-5.507|5.55
20 52 39.23|-8.983|4.73
20 53 14.75|+44.387|4.80
20 53 18.56|+45.182|5.48
20 53 40.18|-39.810|5.34
20 53 53.89|+33.438|5.47
20 54 33.64|+28.058|5.03
20 54 44.29|+75.926|5.99
20 54 47.82|-17.923|5.78
20 54 48.59|-58.454|3.67
20 55 36.69|+13.722|5.19
20 55 38.57|+12.569|5.54
20 55 49.80|+47.418|5.68
20 56 25.47|+50.729|5.83
20 56 25.89|+49.196|5.92
20 56 34.78|+44.925|5.96
20 56 47.32|-26.296|5.70
20 56 54.03|-9.698|5.49
20 57 10.41|+41.167|3.94
20 57 40.64|-16.032|5.89
20 58 16.35|+22.326|5.30
20 58 19.44|+44.472|5.55
20 58 25.94|+10.839|5.51
20 58 30.03|+50.462|5.59
20 58 41.84|-14.483|5.95
20 59 04.48|+4.293|5.30
20 59 05.11|+4.295|5.24
20 59 25.36|+59.439|5.54
20 59 49.55|+47.521|4.74
21 00 03.98|+7.516|5.98
21 00 21.51|-51.265|5.76
21 00 27.69|+19.330|5.69
21 01 10.93|+46.156|5.38
21 01 17.46|-32.258|4.67
21 02 09.00|+56.670|5.83
21 02 27.14|-38.531|5.93
21 02 57.96|-38.631|5.32
21 03 47.61|+53.286|5.93
21 04 04.72|-5.823|5.53
21 04 24.30|-19.855|4.82
21 04 34.65|+5.503|5.63
21 04 43.04|-77.024|5.13
21 04 55.86|+43.928|3.72
21 05 14.24|-54.727|5.17
21 05 26.72|+5.958|5.94
21 05 29.22|+78.126|5.91
21 05 56.82|-17.233|4.08
21 06 01.14|-30.125|5.69
21 06 23.36|+71.432|5.88
21 06 24.68|-32.342|5.20
21 06 25.51|-41.386|5.55
21 06 30.24|+31.185|5.77
21 06 36.09|+47.648|4.56
21 06 53.26|+38.749|5.20
21 07 07.67|-25.006|4.49
21 08 32.70|-63.928|5.75
21 08 33.62|-21.194|5.30
21 08 38.89|+30.206|5.60
21 08 46.03|-88.956|5.45
21 09 21.79|-73.173|5.67
21 09 35.65|-11.372|4.50
21 10 15.56|+53.563|5.75
21 10 20.50|+10.132|4.70
21 11 48.24|+59.987|5.64
21 12 13.70|-40.269|5.83
21 12 56.19|+30.227|3.21
21 13 03.04|-39.425|5.25
21 13 17.32|-27.619|5.41
21 13 18.96|-36.424|5.97
21 13 20.46|-70.126|5.06
21 14 28.81|+10.007|4.47
21 14 29.01|+10.006|5.40
21 14 47.46|+38.045|3.74
21 15 37.90|-20.652|5.17
21 15 42.40|+77.012|5.92
21 15 44.84|-15.171|5.31
21 15 45.86|-53.263|5.73
21 15 49.43|+5.248|3.92
21 17 14.24|+55.798|6.00
21 17 24.95|+39.395|4.22
21 17 55.08|+34.897|4.41
21 17 56.28|-32.173|4.71
21 17 57.29|-17.985|5.40
21 18 11.07|-4.519|5.83
21 18 27.18|+43.946|5.04
21 18 34.67|+62.586|2.45
21 18 52.03|+11.203|5.97
21 19 15.69|+58.624|5.51
21 19 22.18|+38.237|5.89
21 19 22.22|+64.872|5.19
21 19 28.75|+49.510|5.75
21 19 51.95|-53.449|4.39
21 20 45.63|-40.809|4.80
21 21 04.32|-4.560|5.87
21 21 04.38|+23.856|5.58
21 21 04.82|+7.355|5.81
21 22 00.41|+49.389|5.68
21 22 05.20|+19.805|4.08
21 22 14.79|-16.835|4.28
21 22 53.61|+6.811|5.16
21 22 56.25|-9.319|5.99
21 23 00.49|-22.669|5.63
21 23 58.82|+24.274|5.70
21 24 09.59|-20.852|5.38
21 24 11.49|-12.878|5.48
21 24 24.81|-41.007|5.76
21 24 34.00|+26.175|5.67
21 24 49.42|+80.525|5.97
21 25 13.03|-9.749|5.71
21 25 16.96|-3.557|5.48
21 25 19.50|+46.714|5.59
21 25 47.02|+36.667|5.93
21 26 22.85|-37.829|5.64
21 26 26.54|-65.366|4.21
21 26 40.03|-22.411|3.77
21 26 51.60|+48.835|5.29
21 27 01.63|-42.548|5.50
21 27 14.82|-21.196|5.78
21 27 21.37|+37.117|5.30
21 27 40.05|+27.609|5.39
21 27 46.15|+66.809|5.42
21 28 08.24|+32.225|5.75
21 28 39.58|+70.561|3.23
21 28 43.40|-21.807|4.50
21 28 44.84|-69.505|5.47
21 28 59.78|+22.179|5.84
21 29 26.94|+46.541|5.22
21 29 56.89|+23.639|4.52
21 30 59.29|+60.459|5.53
21 31 33.54|-5.571|2.90
21 32 05.87|-41.179|5.29
21 32 14.57|-33.945|5.97
21 32 56.59|+49.978|5.77
21 33 23.52|-44.849|5.57
21 33 58.86|+45.592|3.98
21 34 46.55|+38.534|4.87
21 34 51.05|-20.084|5.70
21 35 17.62|-3.983|5.79
21 36 02.48|+45.375|5.96
21 36 10.97|-26.172|5.73
21 36 56.98|+40.414|5.04
21 37 04.83|-19.466|4.51
21 37 45.11|-7.854|4.68
21 37 45.43|+19.319|5.46
21 37 55.23|+62.082|4.76
21 38 31.94|+5.772|5.66
21 38 57.62|+57.489|5.74
21 39 01.18|+20.265|5.77
21 39 33.26|+2.244|5.10
21 40 05.45|-16.662|3.69
21 40 11.10|+43.274|5.09
21 41 28.51|-77.390|3.73
21 41 32.86|-14.048|5.16
21 41 55.15|+71.311|4.55
21 42 00.69|-23.263|5.24
21 42 01.08|+35.510|5.98
21 42 05.66|+51.190|4.69
21 42 10.11|+1.285|5.66
21 42 15.45|+5.680|5.30
21 42 22.95|+41.077|5.73
21 42 39.50|-18.866|4.72
21 43 04.10|+72.320|5.18
21 43 04.40|-14.400|5.88
21 43 06.47|+41.155|5.51
21 43 25.65|+38.284|5.69
21 43 30.46|+58.780|4.23
21 44 00.97|-14.749|5.96
21 44 08.56|+28.743|4.49
21 44 11.16|+9.875|2.38
21 44 30.70|+17.350|4.34
21 44 31.33|+14.772|5.96
21 44 38.73|+25.645|4.14
21 44 53.28|+62.461|5.94
21 44 56.81|-33.026|4.35
21 45 00.26|-9.082|5.10
21 45 26.93|+61.121|4.25
21 46 04.36|+22.949|5.29
21 46 16.27|-9.276|6.00
21 46 32.10|-11.366|5.57
21 46 47.61|+49.310|4.23
21 47 02.44|-16.127|2.85
21 47 13.96|+2.686|5.63
21 47 25.30|+60.693|5.53
21 47 44.15|-30.898|5.02
21 48 15.71|-47.304|5.57
21 49 50.69|+30.174|5.07
21 50 00.13|-64.713|5.62
21 50 08.70|+17.286|5.34
21 50 47.21|-69.629|5.52
21 50 54.29|-82.719|5.27
21 51 34.25|+19.827|5.78
21 52 01.03|+55.797|5.70
21 52 29.92|+28.794|5.52
21 53 03.77|+25.925|5.09
21 53 17.76|-13.552|5.08
21 53 37.38|+19.668|5.69
21 53 55.71|-37.365|3.00
21 54 10.37|-4.276|5.71
21 54 53.16|+56.611|5.74
21 55 11.36|-61.887|5.92
21 55 30.99|+65.321|5.84
21 56 22.77|-37.254|5.45
21 56 39.15|+63.626|5.11
21 56 56.37|+12.076|5.54
21 57 55.05|-54.993|4.40
21 58 53.52|+62.698|5.96
21 59 15.06|+73.180|5.04
21 59 17.91|-38.395|5.50
22 00 07.93|+6.717|6.00
22 00 50.22|-28.454|5.43
22 01 05.02|+0.605|5.60
22 01 05.35|+13.120|5.61
22 01 09.24|+8.257|5.65
22 01 50.58|+52.882|5.79
22 02 04.57|+58.000|5.55
22 02 56.67|+44.650|5.57
22 03 03.76|-76.118|5.94
22 03 16.46|-6.522|5.55
22 03 18.84|-2.155|4.74
22 03 19.03|+11.387|5.83
22 03 19.75|-56.786|4.69
22 03 47.29|+64.628|4.26
22 03 52.95|+63.120|5.26
22 04 36.76|-26.822|5.97
22 04 47.42|-0.906|5.29
22 05 00.49|+62.786|5.27
22 05 08.79|+62.280|5.07
22 05 11.33|+26.674|5.75
22 05 34.67|+28.964|5.69
22 05 40.75|+5.059|4.86
22 05 47.04|-0.320|2.95
22 05 50.99|-59.636|5.62
22 06 01.95|+45.014|5.09
22 06 06.89|-39.543|4.47
22 06 26.23|-13.870|4.29
22 07 00.65|+25.345|3.77
22 07 28.59|+19.476|5.74
22 07 50.31|+21.703|5.79
22 08 13.95|-46.961|1.73
22 08 23.00|-32.988|4.50
22 08 25.93|-34.044|4.99
22 08 58.99|-18.520|5.80
22 09 13.64|+33.172|5.58
22 09 48.39|+72.341|4.79
22 09 55.70|-34.015|5.37
22 09 59.25|+33.178|4.28
22 10 08.73|-32.548|4.94
22 10 11.99|+6.198|3.52
22 10 33.75|-4.267|5.98
22 10 37.43|+11.625|5.78
22 10 37.48|-11.565|5.43
22 10 38.86|+70.133|5.52
22 10 51.27|+58.201|3.39
22 11 09.85|+50.823|5.38
22 11 30.58|+59.414|5.05
22 11 48.65|+56.839|5.24
22 11 51.33|+16.041|5.93
22 12 02.02|+60.759|5.37
22 12 08.09|+24.951|5.97
22 12 22.45|+63.291|5.76
22 12 47.82|+34.605|5.34
22 13 10.20|+86.108|5.27
22 13 38.69|+28.608|5.87
22 13 44.43|-25.181|5.58
22 13 49.22|+45.441|5.53
22 13 52.72|+39.715|4.50
22 14 18.03|-21.075|5.33
22 14 18.75|-27.767|5.45
22 14 44.36|+42.954|5.72
22 15 01.96|+57.044|4.18
22 15 36.91|-41.347|4.79
22 15 58.18|+37.749|4.14
22 16 26.54|+57.220|5.88
22 16 26.56|-41.627|5.11
22 16 48.04|-12.831|5.34
22 16 50.03|-7.783|4.17
22 16 52.56|-9.040|5.80
22 17 06.50|-5.387|5.75
22 17 50.67|-77.512|5.49
22 18 12.62|+62.804|5.75
22 18 15.44|-53.627|5.36
22 18 30.14|-60.260|2.87
22 19 00.74|-13.305|5.96
22 20 01.51|-80.440|5.09
22 20 11.91|-7.821|5.35
22 20 27.58|+5.789|5.37
22 21 01.54|+46.537|4.55
22 21 19.34|+28.331|4.78
22 21 31.08|+12.205|4.82
22 21 35.57|-21.598|5.12
22 21 39.38|-1.387|3.86
22 23 07.93|-45.928|5.62
22 23 30.84|-24.763|5.53
22 23 32.15|-7.194|5.92
22 23 33.63|+52.229|4.42
22 24 06.88|-4.837|5.79
22 24 27.06|-13.529|5.76
22 24 30.99|+49.476|4.55
22 24 35.15|-72.255|5.28
22 24 56.30|-57.797|5.31
22 25 10.46|-70.432|5.78
22 25 16.62|+1.377|4.80
22 26 00.79|+70.771|5.47
22 26 34.27|-16.742|5.55
22 26 37.38|+4.394|5.76
22 26 42.44|+78.786|5.83
22 27 05.31|+65.132|5.52
22 27 19.91|-64.966|4.51
22 27 46.25|+31.840|6.00
22 27 51.52|+4.696|4.78
22 28 37.53|-67.489|5.56
22 28 39.21|-39.132|5.47
22 28 49.91|-0.020|3.65
22 29 07.98|+9.129|5.60
22 29 10.23|+26.763|5.79
22 29 10.26|+58.415|4.07
22 29 16.17|-43.496|3.97
22 29 31.82|+47.707|4.34
22 29 45.44|-43.749|4.12
22 29 46.01|-27.107|5.95
22 29 52.97|+78.824|5.45
22 29 57.94|+4.432|5.51
22 30 01.81|+32.573|5.64
22 30 29.26|+43.123|4.52
22 30 38.82|-10.678|4.82
22 31 17.45|+50.282|3.76
22 31 30.32|-32.346|4.29
22 31 37.80|-85.967|5.76
22 32 16.26|+76.226|5.70
22 32 26.38|+39.780|5.88
22 33 00.04|-61.982|4.91
22 33 40.61|+56.625|5.72
22 34 02.91|-1.574|5.88
22 34 41.63|-20.708|5.21
22 35 21.38|-0.117|4.04
22 35 36.37|-23.991|5.97
22 35 45.88|+73.643|5.08
22 35 52.29|+39.634|5.73
22 36 35.45|-31.664|5.82
22 36 58.85|-40.591|5.85
22 37 12.89|+75.372|5.80
22 37 22.44|+51.545|4.64
22 37 45.38|-4.228|5.04
22 38 37.90|+56.796|5.11
22 38 39.06|+63.584|5.19
22 38 51.46|-33.081|5.66
22 38 52.59|+19.522|5.84
22 39 15.68|+39.050|4.89
22 40 18.40|+53.846|5.94
22 40 22.32|-30.659|5.88
22 40 30.84|+44.276|4.50
22 40 39.34|-27.044|4.18
22 40 48.89|-57.422|5.98
22 40 52.68|+14.549|5.72
22 41 27.72|+10.831|3.41
22 41 28.65|+40.225|5.25
22 41 36.02|+41.549|5.93
22 41 45.41|+29.308|4.80
22 41 57.45|+14.516|5.92
22 42 36.88|-47.211|5.99
22 42 40.01|-46.885|2.07
22 43 00.13|+30.221|2.93
22 43 29.97|-41.414|4.84
22 43 35.23|-18.830|4.68
22 44 05.22|+39.465|5.93
22 44 05.48|+41.819|5.11
22 45 37.87|-53.500|4.84
22 45 40.79|-46.547|5.52
22 46 03.69|-81.382|4.13
22 46 10.19|+44.546|5.84
22 46 31.88|+23.566|3.97
22 46 41.58|+12.173|4.20
22 47 28.96|+83.154|4.77
22 47 33.13|-19.613|5.24
22 47 42.77|-14.056|5.68
22 48 11.04|+37.417|5.82
22 48 33.26|-51.317|3.49
22 49 35.50|-13.593|4.05
22 49 40.87|+66.200|3.50
22 49 46.28|+55.903|5.43
22 50 00.19|+24.602|3.51
22 50 21.77|+41.953|5.91
22 50 22.76|-80.124|5.32
22 51 02.16|-39.157|5.43
22 51 02.94|+85.374|5.89
22 51 20.94|-29.536|5.99
22 51 22.56|+61.697|5.61
22 52 02.01|+43.312|4.95
22 52 24.07|+9.836|5.16
22 52 31.54|-32.876|4.46
22 52 36.88|-7.580|3.73
22 53 02.27|+16.841|5.86
22 53 28.71|-11.617|5.80
22 53 40.16|+44.749|5.79
22 54 06.97|+40.377|5.82
22 54 24.44|+84.346|4.70
22 54 39.01|-15.821|3.27
22 54 45.48|-16.272|5.53
22 55 02.64|+37.077|5.91
22 55 10.96|-4.988|5.72
22 55 13.67|+8.816|4.91
22 55 44.50|+36.351|5.73
22 55 56.90|-32.540|4.20
22 56 23.63|+41.604|5.60
22 56 26.00|+49.734|4.99
22 56 47.81|-47.969|5.72
22 57 04.50|+48.684|5.34
22 57 27.97|+20.769|5.45
22 57 39.02|-29.622|1.17
22 59 11.81|+11.729|5.76
22 59 27.46|+0.963|5.43
22 59 35.76|-29.462|5.51
23 00 05.10|+56.945|5.10
23 00 05.79|-25.164|5.66
23 00 42.90|+3.012|5.85
23 00 52.84|-52.754|4.11
23 01 07.55|-50.950|5.68
23 01 19.38|-28.854|5.55
23 01 31.71|-4.711|5.94
23 01 55.26|+42.326|3.62
23 02 36.37|+42.758|5.09
23 02 44.25|-20.871|5.97
23 03 29.81|-34.749|5.12
23 03 32.86|+67.209|5.25
23 03 46.44|+28.083|2.44
23 03 52.61|+3.820|4.48
23 03 59.64|-41.479|5.79
23 04 10.93|+50.052|4.64
23 04 39.60|-53.965|5.37
23 04 45.65|+15.205|2.49
23 04 52.18|-68.820|5.53
23 05 09.79|-7.694|5.44
23 06 36.81|+59.420|4.84
23 06 40.84|-23.743|4.48
23 06 52.74|-43.520|4.28
23 06 53.62|-38.892|5.62
23 07 00.26|+9.409|4.54
23 07 06.74|+25.468|4.76
23 07 14.79|-50.687|5.81
23 07 28.71|+21.134|5.97
23 07 39.27|+46.387|5.30
23 07 45.34|+49.296|5.68
23 07 53.84|+75.387|4.41
23 08 21.07|-28.824|5.60
23 08 40.92|+2.128|5.42
23 09 26.79|-21.172|3.68
23 09 31.46|+8.677|5.05
23 09 44.14|+59.333|5.68
23 09 44.63|-28.089|5.88
23 09 54.90|-22.458|4.71
23 09 55.10|-22.457|5.90
23 09 57.44|-42.861|5.83
23 10 01.46|+9.822|5.39
23 10 09.73|-40.592|5.90
23 10 21.50|-45.247|3.88
23 10 27.25|+43.544|5.91
23 10 42.64|+17.594|5.68
23 11 44.19|+8.720|5.15
23 12 32.98|+49.406|4.53
23 13 15.95|+57.168|5.57
23 13 26.50|+11.065|5.85
23 14 19.36|-6.049|4.22
23 14 37.04|+74.231|5.89
23 14 58.60|-41.105|5.77
23 15 34.26|-3.496|5.56
23 15 37.72|+70.888|5.55
23 15 53.49|-9.088|4.24
23 16 39.79|-44.489|5.92
23 16 42.26|+53.213|5.58
23 16 50.94|-7.727|4.93
23 16 57.57|-62.001|5.64
23 17 09.94|+3.282|3.70
23 17 25.79|-58.236|3.99
23 17 44.64|+49.015|4.82
23 17 54.21|-9.183|4.41
23 18 09.86|-40.824|5.54
23 18 23.32|+41.774|5.98
23 18 37.44|+68.111|4.75
23 18 49.44|-32.532|4.41
23 18 57.68|-9.611|4.99
23 19 06.66|-13.459|5.20
23 19 23.98|-5.124|5.56
23 19 24.11|-18.075|5.96
23 19 29.80|+48.625|5.44
23 19 52.41|+42.078|5.81
23 20 20.58|+5.381|5.05
23 20 38.24|+23.740|4.58
23 20 49.55|+30.415|5.58
23 20 53.24|+38.182|5.77
23 21 15.50|-26.987|5.65
23 21 54.93|+31.812|5.35
23 22 32.53|+60.133|5.56
23 22 39.17|-15.039|5.19
23 22 58.23|-20.101|3.96
23 23 04.57|+12.314|5.09
23 24 13.25|-51.891|5.75
23 24 50.25|+62.283|4.96
23 24 50.83|+32.385|5.56
23 25 19.42|-56.849|5.60
23 25 22.77|+23.404|4.42
23 26 02.79|-20.642|4.38
23 26 36.56|-52.722|5.53
23 26 55.95|+1.256|4.95
23 26 59.96|+87.308|5.56
23 27 07.38|+42.912|5.75
23 27 14.97|-58.476|5.63
23 27 16.49|+70.360|5.60
23 27 40.38|+25.167|5.99
23 27 58.10|+6.379|4.27
23 28 03.58|-87.482|5.50
23 29 00.95|-63.111|5.66
23 29 09.29|+12.761|4.54
23 30 01.93|+58.549|4.89
23 31 17.36|+39.236|5.22
23 32 58.24|-37.818|4.38
23 33 16.62|-20.915|4.70
23 33 19.56|-77.385|5.82
23 33 28.09|+22.499|5.33
23 33 57.18|+31.325|4.97
23 34 09.02|-1.248|5.91
23 34 37.54|+40.236|5.55
23 34 38.20|+33.497|5.63
23 34 49.36|-15.246|5.95
23 34 59.03|+71.642|5.86
23 35 04.56|-42.615|4.69
23 36 23.28|+2.102|5.68
23 37 32.04|+44.429|5.81
23 37 33.80|+46.458|3.81
23 37 39.56|-13.060|5.66
23 37 50.98|-45.492|4.74
23 37 56.80|+18.401|5.49
23 38 08.20|+43.268|4.29
23 38 23.73|-76.870|5.99
23 39 08.34|+50.472|5.35
23 39 10.16|+75.293|5.95
23 39 20.95|+77.632|3.21
23 39 21.16|+74.003|5.98
23 39 47.07|-14.222|4.97
23 39 55.04|+9.677|5.99
23 39 57.04|+5.626|4.13
23 40 24.49|+44.334|4.15
23 40 38.16|-32.073|5.30
23 41 08.91|-11.681|5.89
23 41 34.49|-18.027|5.36
23 41 45.81|-17.817|4.82
23 41 56.69|+7.251|5.89
23 42 02.80|+1.780|4.49
23 42 27.82|-15.448|5.27
23 42 43.34|-14.545|4.49
23 43 22.36|+10.332|5.09
23 43 59.48|+29.361|4.93
23 44 12.03|-64.404|5.73
23 44 12.08|-18.277|5.24
23 44 40.71|-78.791|5.74
23 46 00.92|-18.678|5.28
23 46 02.04|+46.420|4.97
23 46 23.52|+3.487|4.95
23 46 36.73|+66.782|5.95
23 47 01.92|+57.451|5.55
23 47 03.42|+58.652|4.88
23 47 15.91|-11.911|5.74
23 47 15.99|-50.226|5.18
23 47 54.75|+67.807|5.05
23 47 56.54|-2.762|5.49
23 48 50.17|+62.215|5.43
23 48 55.54|-28.130|4.59
23 49 27.48|+1.076|5.77
23 49 39.39|+28.842|5.95
23 49 40.96|+36.425|5.86
23 50 14.73|-9.974|5.93
23 50 33.28|-14.401|5.70
23 51 21.25|+9.313|5.77
23 51 21.34|-18.909|5.17
23 51 57.84|+2.930|5.59
23 52 06.66|-82.019|5.10
23 52 29.29|+19.120|5.06
23 52 29.99|-14.251|5.85
23 52 37.11|+10.947|5.30
23 52 50.53|-8.997|5.76
23 52 55.56|-3.155|5.93
23 54 23.03|+57.499|4.51
23 54 46.62|+0.109|5.78
23 57 08.48|+55.706|5.57
23 57 19.83|-62.957|5.95
23 57 32.97|-82.170|5.72
23 57 35.02|-64.298|5.00
23 57 45.53|+25.141|4.63
23 58 40.38|-3.556|4.88
23 58 55.76|-52.746|5.13
23 59 00.54|+55.755|4.88
23 59 18.69|+6.863|4.03
23 59 27.90|-29.485|5.59
23 59 29.30|+33.724|5.81
23 59 54.94|-65.577|4.49
